,Ratio of life expectancy at birth of females to males,Total fertility rate (TFR)_1970.0,Total fertility rate (TFR)_1990.0,Total fertility rate (TFR)_2011.0,Neonatal mortality rate,Proportion of new borns protected against tetanus,Proportion of 1 year-old children fully immunised against Haemophilus influenzae type B,Debt service as a percentage of exports of goods and services,Average annual rate of reduction of under-five mortality rate_1970-1990,Average annual rate of reduction of under-five mortality rate_1990-2000,Average annual rate of reduction of under-five mortality rate_1990-2011,Average annual rate of reduction of under-five mortality rate_2000-2011,Average annual rate of reduction of total fertility rate_1970-1990,Average annual rate of reduction of total fertility rate_1990-2011,Proportion of households owning at least one ITN,Proportion of population with access to improved sanitation_Percent_Rural,Proportion of population with access to improved sanitation_Percent_Total,Proportion of population with access to improved sanitation_Percent_Urban,Proportion of population with access to improved sanitation_Ratio_Ratio of urban to rural,Proportion of women 20-24 year-olds who gave birth before age 18,Proportion of pupils starting grade 1 who reach grade 5 (survey data),Population size_Percent_Total 10-19 yr,Population size_Thousand_Total,Population size_Thousand_Total 10-19 yr,Population size_Thousand_Total <18 yr,Population size_Thousand_Total <5 yr,Proportion of 1 year-old children immunised against TB (BCG),People living with HIVAIDS (low estimate),Annual number of under-five deaths,Prevalence of underweight (severe) - WHO,Prevalence of wasting (moderate and severe) - WHO,Institutional deliveries,Antenatal care coverage for at least four visits,Life expectancy at birth_1970.0,Life expectancy at birth_1990.0,Life expectancy at birth_2011.0,Proportion of 1 year-old children fully immunised against Hepatitis B,People living with HIVAIDS_Female 15+ yr,People living with HIVAIDS_Total,People living with HIVAIDS_Total 0-14 yr,Proportion of women 15-49 year-olds who believe that the practice of female genital mutilationcutting should continue,Proportion of 15-24 year-olds who have comprehensive knowledge of HIV_Percent_Female 15-19 yr,Proportion of 15-24 year-olds who have comprehensive knowledge of HIV_Percent_Female 15-24 yr,Proportion of 15-24 year-olds who have comprehensive knowledge of HIV_Percent_Female 15-24 yr Poorest 20%,Proportion of 15-24 year-olds who have comprehensive knowledge of HIV_Percent_Female 15-24 yr Richest 20%,Proportion of 15-24 year-olds who have comprehensive knowledge of HIV_Percent_Male 15-19 yr,Proportion of 15-24 year-olds who have comprehensive knowledge of HIV_Percent_Male 15-24 yr,Proportion of 15-24 year-olds who have comprehensive knowledge of HIV_Percent_Male 15-24 yr Poorest 20%,Proportion of 15-24 year-olds who have comprehensive knowledge of HIV_Percent_Male 15-24 yr Richest 20%,Proportion of 15-24 year-olds who have comprehensive knowledge of HIV_Percent_Rural Female 15-24 yr,Proportion of 15-24 year-olds who have comprehensive knowledge of HIV_Percent_Urban Female 15-24 yr,Proportion of 15-24 year-olds who have comprehensive knowledge of HIV_Ratio_Female 15-24 yr Ratio of richest to poorest,Proportion of 15-24 year-olds who have comprehensive knowledge of HIV_Ratio_Female 15-24 yr Ratio of urban to rural,Proportion of 15-24 year-olds who have comprehensive knowledge of HIV_Ratio_Male 15-24 yr Ratio of richest to poorest,Contraceptive prevalence rate (CPR),Adult HIVAIDS prevalence rate_Female 15-24 yr,Adult HIVAIDS prevalence rate_Male 15-24 yr,Adult HIVAIDS prevalence rate_Total 15-24 yr,Adult HIVAIDS prevalence rate_Total 15-49 yr,Timely complementary feeding rate,Central government expenditure allocated to health',Child discipline_Female,Child discipline_Male,Child discipline_Total,Proportion of population in malaria risk areas using effective malaria treatment measures,Adolescent birth rate,Proportion of under-five children with suspected pneumonia taken to health provider,Proportion of 1 year-old children fully immunised against polio (OPV),Early initiation of breastfeeding (within one hour of birth),Under-five mortality rate (U5MR)_Deaths per 1000 live births_1970.0_Total,Under-five mortality rate (U5MR)_Deaths per 1000 live births_1990.0_Total,Under-five mortality rate (U5MR)_Deaths per 1000 live births_2000.0_Total,Under-five mortality rate (U5MR)_Deaths per 1000 live births_2011.0_Female,Under-five mortality rate (U5MR)_Deaths per 1000 live births_2011.0_Male,Under-five mortality rate (U5MR)_Deaths per 1000 live births_2011.0_Total,Under-five mortality rate (U5MR)_Rank_2011.0_Total,Exclusive breastfeeding rate,Continued breastfeeding rate,Maternal mortality ratio reported,People living with HIVAIDS (high estimate),Vitamin A supplementation coverage (full),Maternal mortality ratio (MMR),Crude death rate (CDR)_1970.0,Crude death rate (CDR)_1990.0,Crude death rate (CDR)_2011.0,Proportion of households consuming iodized salt,Proportion of 1 year-old children immunised against DPT1,Crude birth rate (CBR)_1970.0,Crude birth rate (CBR)_1990.0,Crude birth rate (CBR)_2011.0,Father's support for learning,Annual number of births (Births),Proportion of births attended by skilled health personnel_Percent_Poorest 20%,Proportion of births attended by skilled health personnel_Percent_Richest 20%,Proportion of births attended by skilled health personnel_Percent_Rural,Proportion of births attended by skilled health personnel_Percent_Total,Proportion of births attended by skilled health personnel_Percent_Urban,Proportion of births attended by skilled health personnel_Ratio_Ratio of richest to poorest,Proportion of births attended by skilled health personnel_Ratio_Ratio of urban to rural,Infant mortality rate (IMR)_1990.0,Infant mortality rate (IMR)_2011.0,Caesarean section,Prevalence of overweight (moderate and severe) - WHO,Proportion of population with sustainable access to an improved water source_Rural,Proportion of population with sustainable access to an improved water source_Total,Proportion of population with sustainable access to an improved water source_Urban,Proportion of 1 year-old children immunised against measles,Children orphaned due to all causes,Children left in inadequate care_Female,Children left in inadequate care_Male,Children left in inadequate care_Poorest 20%,Children left in inadequate care_Richest 20%,Children left in inadequate care_Total,Proportion of under-five children with suspected pneumonia receiving antibiotics,Female genital mutilationcutting of daughters,Antenatal care coverage (ANC),Prevalence of underweight (moderate and severe) - WHO_Percent_Poorest 20%,Prevalence of underweight (moderate and severe) - WHO_Percent_Richest 20%,Prevalence of underweight (moderate and severe) - WHO_Percent_Rural,Prevalence of underweight (moderate and severe) - WHO_Percent_Total <5 yr,Prevalence of underweight (moderate and severe) - WHO_Percent_Urban,Prevalence of underweight (moderate and severe) - WHO_Ratio_Ratio of poorest to richest,Prevalence of underweight (moderate and severe) - WHO_Ratio_Ratio of rural to urban,Routine EPI vaccines financed by government,Prevalence of stunting (moderate and severe) - WHO,Reduction in under-five mortality rate_1990.0,Reduction in under-five mortality rate_2000.0,Birth registration_Poorest 20%,Birth registration_Ratio of richest to poorest,Birth registration_Ratio of urban to rural,Birth registration_Richest 20%,Birth registration_Rural,Birth registration_Total,Birth registration_Urban,Proportion of infants with low birth weight,Lifetime risk of maternal death,Proportion of under-five children with diarrhoea receiving oral rehydration and continued feeding_Percent_Poorest 20%,Proportion of under-five children with diarrhoea receiving oral rehydration and continued feeding_Percent_Richest 20%,Proportion of under-five children with diarrhoea receiving oral rehydration and continued feeding_Percent_Rural,Proportion of under-five children with diarrhoea receiving oral rehydration and continued feeding_Percent_Total <5 yr,Proportion of under-five children with diarrhoea receiving oral rehydration and continued feeding_Percent_Urban,Proportion of under-five children with diarrhoea receiving oral rehydration and continued feeding_Ratio_Ratio of richest to poorest,Proportion of under-five children with diarrhoea receiving oral rehydration and continued feeding_Ratio_Ratio of urban to rural,Children orphaned by AIDS,Female genital mutilationcutting,Proportion of population in malaria risk areas using effective malaria prevention measures,Condom use at last high-risk sex_Female 15-24 yr,Condom use at last high-risk sex_Male 15-24 yr,Proportion of 1 year-old children fully immunised against DPT
Afghanistan,101,7.7,8,6.2,36,60,66,,2.4,3.4,3.1,2.7,-0.2,1.2,,30,37,60,2,26,90,25,32358,8015,17219,5686,68,3,128,12,9,33,15,35,42,49,66,1,6,,,,,,,,,,,,,,,,21,,,,,29,2,74,75,74,,90,61,66,,309,192,136,99,103,101,23,,54,330,17,100,460,29,22,16,28,86,52,52,43,62,1408,16,76,31,39,74,4.9,2.4,129,73,4,5,42,50,78,62,,39,42,43,27,40,64,,48,,,,33,,,,,59,47,26,31,1.9,1.8,58,33,37,60,,32,56,52,54,53,48,0.9,0.9,,,,,,66
Albania,108,4.9,3.2,1.5,7,87,99,9,,4.5,5,5.5,2.1,3.6,,93,94,95,1,3,100,17,3216,551,877,203,99,,1,2,9,97,67,67,72,77,99,,,,,36,36,20,60,21,22,10,38,26,51,3,2,3.8,69,,,,,78,3,71,78,75,,11,70,99,43,,41,26,14,15,14,122,39,31,21,,,27,8,6,6,76,99,33,25,13,53,41,98,100,99,99,100,1,1,36,13,19,23,94,95,96,99,,11,14,9,16,13,60,,97,8,4,6,5,5,2.2,1.2,,19,65,46,98,1,1,99,98,99,99,7,2200,,,36,54,33,,0.9,,,,,55,99
Algeria,104,7.4,4.7,2.2,17,90,95,1,5.5,3.6,3.8,3.9,2.3,3.6,,88,95,98,1.1,,93,18,35980,6425,11641,3464,99,13,21,1,4,95,,53,67,73,95,,,,,12,13,5,20,,,,,10,16,3.7,1.7,,61,,,,,39,5,87,89,88,,4,53,95,50,199,66,46,28,32,30,74,7,22,,28,,97,16,6,5,61,99,49,32,20,,712,88,98,92,95,98,1.1,1.1,54,26,,13,79,83,85,95,,,,,,,59,,89,5,2,4,3,3,2.4,1.4,,15,55,35,,,1,,99,99,99,6,430,15,19,19,19,18,1.2,1,,,,,,95
Andorra,,,,,1,,99,,,5.1,4.4,3.8,,,,100,100,100,1,,,,86,,16,4,,,0,,,,,,,,99,,,,,,,,,,,,,,,,,,,,,,,,5,,,,,5,,99,,,8,5,3,4,3,184,,,,,,,,,,,99,,,,,,,,,,,,,7,3,,,100,100,100,99,,,,,,,,,,,,,,,,,,,60,34,,,,,,,,,,,,,,,,,,,,,,99
Angola,106,7.3,7.2,5.3,43,70,86,4,,2,2.1,2.1,0.1,1.4,35,19,58,85,4.5,,83,24,19618,4720,10399,3393,88,160,120,7,8,46,,37,41,51,86,120,230,34,,,25,,,,32,,,,,,,,6,1.6,0.6,1.1,2.1,77,,,,,28,165,,85,55,,243,199,150,165,158,8,11,37,,340,55,450,27,23,14,45,99,52,53,41,,803,,,26,47,71,,2.8,144,96,,,38,51,60,88,1300,,,,,,,,80,,,,16,,,,,29,35,21,17,2.8,1.7,48,19,29,34,12,39,,,,,,,,140,,26,,,86
Antigua and Barbuda,,,,,4,,99,,,5.9,6,6.1,,,,,,98,,,,,90,,28,8,,,0,,,,,,,,99,,,,,40,46,,,55,53,,,,,,,,,,,,,,4,,,,,67,,99,,,27,15,7,9,8,145,,,0,,,,,,,,99,,,,,,,,,100,,,,23,6,,,,,95,99,,,,,,,,,100,,,,,,,,,,72,49,,,,,,,,5,,,,,,,,,,,,,,99
Argentina,110,3.1,3,2.2,8,,93,16,3.7,3.1,3.2,3.3,0.1,1.5,,,,,,,,17,40765,6769,12105,3423,99,79,10,0,1,99,89,66,72,76,93,35,95,,,,,,,,,,,,,,,,78,0.2,0.2,0.2,0.4,,6,,,,,68,,95,,58,28,20,13,16,14,122,,28,44,120,,77,9,8,8,,98,23,22,17,,693,,,,95,,,,24,13,,10,,,98,93,,,,,,,,,99,,,,2,,,,,8,49,31,,,,,,91,,7,560,,,,,,,,,,,,,93
Armenia,109,3.2,2.5,1.7,11,,95,31,,4.6,4.7,4.8,1.2,1.8,,80,90,95,1.2,2,100,14,3100,435,763,225,96,2,1,1,4,99,93,70,68,74,95,,4,,,10,16,,,4,9,,,16,16,,1,,55,0.1,0.1,0.1,0.2,48,2,67,72,70,,28,57,96,36,,47,30,15,19,18,102,35,23,9,7,,30,5,8,9,97,98,23,21,15,,47,99,100,99,100,100,1,1,40,16,13,17,97,98,99,97,,,,,,,36,,99,8,2,7,5,3,5.3,2.6,,19,63,41,100,1,1,100,100,100,99,7,1700,,,28,33,22,,0.8,,,,,86,95
Australia,106,2.7,1.9,2,3,,92,,4.2,3.8,3.4,2.9,1.9,-0.2,,100,100,100,1,,,13,22606,2917,5190,1504,,18,1,,,99,92,71,77,82,92,7,22,,,,,,,,,,,,,,,,71,0.1,0.1,0.1,0.2,,6,,,,,16,,92,,21,9,6,4,5,5,165,,,,27,,7,9,7,7,,92,20,15,14,,307,,,,,,,,8,4,31,,100,100,100,94,,,,,,,,,98,,,,,,,,,,51,27,,,,,,,,7,8100,,,,,,,,,,,,,92
Austria,107,2.3,1.5,1.4,3,,83,,5.6,5.2,3.8,2.6,2.4,0.3,,100,100,100,1,,,11,8413,929,1512,381,,13,0,,,,,70,75,81,83,5,18,,,,,,,,,,,,,,,,,0.2,0.3,0.3,0.4,,8,,,,,10,,83,,29,9,6,4,5,4,169,,,,24,,4,13,11,9,,93,15,11,9,,74,,,,,,,,8,4,24,,100,100,100,76,,,,,,,,,,,,,,,,,,,55,25,,,,,,,,7,18200,,,,,,,,,,,,,83
Azerbaijan,109,4.6,3,2.2,19,,38,1,,3.2,3.6,3.9,2.2,1.5,,78,82,86,1.1,4,100,15,9306,1378,2430,846,82,5,8,2,7,78,45,65,65,71,48,1,7,,,3,5,1,12,2,5,2,14,2,7,10.3,3.3,6.3,51,,,,0.1,83,1,71,79,75,1,41,36,80,32,,95,69,43,47,45,61,12,16,24,9,,43,7,7,7,54,79,29,27,20,,184,76,100,80,88,97,1.3,1.2,75,39,5,14,71,80,88,67,,,,,,,,,77,15,2,12,8,4,7,3.1,78,25,53,35,92,1.1,1,97,92,94,96,10,1000,3,36,5,21,19,13.3,3.6,,,1,,29,74
Bahamas,109,3.5,2.6,1.9,7,92,98,,1.8,2.6,1.4,0.4,1.5,1.6,,100,100,100,1,,,17,347,58,95,27,,6,0,,,,,66,69,76,95,3,7,,,,,,,,,,,,,,,,45,0.5,0.3,0.4,2.8,,3,,,,,41,,97,,31,22,17,15,17,16,107,,,0,7,,47,6,6,5,,99,26,24,15,,5,,,,99,,,,18,14,,,,,98,90,,,,,,,,,98,,,,,,,,,,26,4,,,,,,,,11,1100,,,,,,,,,,,,,98
Bahrain,102,6.5,3.7,2.5,4,94,99,,6.9,5,3.4,2,2.8,1.9,,,,100,,,99,11,1324,153,311,102,,,0,,,,,64,72,75,99,,,,,,,,,,,,,,,,,,,,,,,,3,,,,,12,,99,,81,21,12,10,10,10,135,,,,,,20,7,3,3,,99,38,29,19,,23,,,,97,,,,18,9,,,,,100,99,,,,,,,,,100,,,,,,,,100,,51,19,,,,,,,,,1800,,,,,,,,,,,,,99
Bangladesh,102,6.9,4.5,2.2,26,94,96,3,2.4,5,5.3,5.5,2.1,3.4,,55,56,57,1,40,94,21,150494,31601,55515,14421,95,5,134,10,16,29,26,42,59,69,96,,8,,,7,8,,,,18,,,,,,,,61,,,,,71,1,,,,,133,35,96,36,226,139,84,44,48,46,60,64,90,220,16,94,240,23,10,6,84,99,47,36,20,53,3016,12,64,25,32,54,5.5,2.1,97,37,17,2,80,81,85,96,,,,,,,71,,55,50,21,39,36,28,2.4,1.4,30,41,67,45,6,3,1.5,19,9,10,13,22,170,81,82,76,78,84,1,1.1,,,,,,96
Barbados,109,3.1,1.7,1.6,10,,91,,4.8,0.4,-0.5,-1.2,2.9,0.5,,100,100,100,1,,,14,274,38,59,15,,1,0,,,,,69,75,77,91,,1,,,,,,,,,,,,,,,,,0.2,0.3,0.3,0.9,,4,,,,,50,,91,,47,18,17,18,22,20,98,,,0,2,,51,9,8,9,,93,22,16,11,,3,,,,100,,,,16,18,,,100,100,100,93,,,,,,,,,100,,,,,,,,,,-10,-15,,,,,,,,12,1300,,,,,,,,,,,,,91
Belarus,118,2.3,1.9,1.5,3,,21,4,,2.3,5.3,8.1,1,1.2,,97,93,91,0.9,3,100,11,9559,1025,1766,527,99,15,1,1,2,100,,71,71,70,98,6,20,,,,,,,,,,,,,,,,73,0.2,0.4,0.3,0.4,38,4,80,87,84,,21,90,98,21,,17,14,5,6,6,157,9,4,1,30,,4,7,11,14,94,99,16,14,11,72,107,100,100,100,100,100,1,1,14,4,22,10,99,100,100,99,,,,,,,67,,99,2,0,2,1,1,6.7,1.7,,4,67,59,,,,,,,,4,16300,,,33,36,38,,1.1,,,,,,98
Belgium,107,2.2,1.6,1.8,2,,98,,4.3,5.4,4,2.7,1.7,-0.7,,100,100,100,1,,,11,10754,1207,2182,619,,16,1,,,,,71,76,80,97,6,20,,,,,,,,,,,,,,,,75,0.2,0.2,0.2,0.3,,7,,,,,11,,98,,24,10,6,4,5,4,169,,,,26,,8,12,11,10,,99,15,12,11,,123,,,,,,,,9,4,18,,100,100,100,95,,,,,,,,,,,,,,,,,,,57,26,,,,,,,,,7500,,,,,,,,,,,,,98
Belize,104,6.3,4.5,2.7,8,88,95,11,,5.1,4.5,4,1.7,2.4,,87,90,93,1.1,19,98,23,318,73,131,37,98,4,0,1,2,89,,66,72,76,95,2,5,,,39,40,28,55,,,,,29,49,2,1.7,,34,1,1,1,2.3,,4,70,71,71,,90,71,95,51,,44,26,15,19,17,106,10,27,55,5,,53,8,5,4,,98,42,37,24,50,8,,,93,94,99,,1.1,35,15,,14,99,98,98,98,,2,3,4,1,2,44,,94,,,6,4,2,,2.9,,22,62,36,95,1,1,97,96,95,95,14,610,,,,27,,,,,,,,,95
Benin,107,6.7,6.7,5.2,31,92,85,,1.9,2.4,2.4,2.5,0,1.2,80,5,13,25,5,23,89,23,9100,2094,4568,1546,97,56,36,5,8,87,61,40,49,56,85,33,64,9,1,17,16,9,26,31,35,17,52,11,22,3.1,1.9,3,13,0.8,0.3,0.6,1.2,76,2,,,,38,114,31,85,32,261,177,140,103,109,106,20,43,92,400,73,98,350,26,17,12,86,94,48,47,39,,356,52,96,79,84,92,1.9,1.2,107,68,4,11,68,75,84,72,380,,,,,,,2,86,25,10,21,18,15,2.4,1.4,17,43,40,24,46,1.6,1.2,75,56,60,68,15,53,15,32,47,50,58,2.1,1.2,47,13,71,35,44,85
Bhutan,106,6.7,5.8,2.3,25,89,,,3.6,4.4,4.5,4.6,0.7,4.3,,29,44,73,2.5,15,94,20,738,148,258,70,95,<1,1,3,6,63,77,41,53,67,95,,1,,,22,21,7,32,,,,,15,32,4.4,2.1,,66,0.2,0.3,0.2,0.3,67,5,,,,,59,74,95,59,286,138,89,50,57,54,51,49,66,260,3,,180,23,14,7,96,98,47,38,20,51,15,34,95,54,65,90,2.8,1.6,96,42,12,8,94,96,100,95,,15,13,17,7,14,49,,97,16,7,14,13,11,2.2,1.3,4,34,61,40,100,1,1,100,100,100,100,10,210,60,56,60,61,64,0.9,1.1,,,,,,95
Bolivia (Plurinational State of),107,6.6,4.9,3.3,22,74,82,8,3.2,3.9,4.1,4.3,1.5,1.9,,10,27,35,3.5,20,96,22,10088,2232,4254,1230,90,9,13,1,1,68,72,46,59,67,82,1,17,,,22,24,5,40,24,28,11,45,9,32,8.4,3.5,4.3,61,,0.2,0.1,0.3,83,3,,,,,89,51,82,64,226,120,81,48,54,51,55,60,40,310,30,21,190,20,11,7,89,90,46,36,26,,264,38,99,51,71,88,2.6,1.7,83,39,19,9,71,88,96,84,,,,,,,64,,86,8,2,6,4,3,3.8,2.3,,27,58,37,68,1.3,1.1,90,72,76,79,6,140,31,35,32,35,38,1.1,1.2,,,,,41,82
Bosnia and Herzegovina,107,2.9,1.7,1.1,5,,85,16,,6.7,4.3,2,2.6,1.9,,92,95,99,1.1,,100,12,3752,434,686,167,94,,0,0,4,100,,66,67,76,88,,,,,45,44,46,49,,,,,42,46,1.1,1.1,,36,,,,,29,7,36,40,38,,17,91,89,57,,19,10,7,9,8,145,18,10,3,,,8,7,9,10,62,94,23,15,8,74,32,99,100,100,100,100,1,1,17,7,,26,98,99,100,89,,6,7,6,10,7,73,,99,2,3,1,1,2,0.5,0.7,,10,59,20,99,1,1,100,100,100,99,5,11400,,,35,35,34,,1,,,,,,88
Botswana,96,6.6,4.7,2.7,11,92,96,1,4.5,-4.3,3.4,10.4,1.7,2.6,,41,62,75,1.8,,,21,2031,434,788,229,99,280,1,4,7,99,73,55,64,53,93,160,300,15,,,,,,,,,,,,,,,53,9,4.1,6.6,23.4,46,8,,,,,51,14,96,40,131,53,81,24,28,26,80,20,6,160,310,75,160,13,7,13,65,98,46,35,23,,47,84,100,90,95,99,1.2,1.1,41,20,,11,92,96,99,94,140,,,,,,,,94,16,4,,11,,4,,100,31,51,68,,,1.2,,67,72,78,13,220,,,51,49,47,,0.9,100,,,,,96
Brazil,110,5,2.8,1.8,10,92,97,19,4,4.9,6.3,7.5,2.9,2.1,,44,79,85,1.9,,88,17,196655,33906,59010,14662,99,430,44,,2,98,91,59,66,73,96,200,490,,,,,,,,,,,,,,,,81,0.1,0.1,0.1,0.3,70,4,,,,,71,50,97,43,129,58,36,14,17,16,107,41,25,75,570,,56,10,7,6,96,99,35,24,15,,2996,,,94,97,98,,1,49,14,50,7,85,98,100,97,,,,,,,,,98,,,2,2,2,,0.8,,7,73,56,,,,,,93,,8,910,,,,,,,,,,,,,96
Brunei Darussalam,106,5.8,3.5,2,4,95,96,,,2.5,2.6,2.6,2.4,2.7,,,,,,,,16,406,65,124,37,96,,0,,,100,,67,73,78,93,,,,,,,,,,,,,,,,,,,,,,,,,,,,,18,,99,,,12,10,7,8,7,151,,,,,,24,7,4,3,,99,36,29,19,,8,,,,100,,,,9,6,,,,,,91,,,,,,,,,99,,,,,,,,,,41,25,,,,,,,,,1900,,,,,,,,,,,,,97
Bulgaria,110,2.2,1.7,1.5,7,,95,14,2.9,0.7,2.9,4.9,1.1,0.6,,100,100,100,1,,,9,7446,696,1249,378,98,3,1,,,93,,71,71,73,96,1,4,,,,,,,,,,,,,,,,,0.1,0.1,0.1,0.1,,4,,,,,48,,95,,39,22,21,11,13,12,128,,,8,6,,11,9,12,15,100,96,16,12,10,,75,,,,100,,,,19,11,31,14,100,100,100,95,,,,,,,,,,,,,,,,,,,45,42,,,,,,,,9,5900,,,,,,,,,,,,,95
Burkina Faso,104,6.6,6.8,5.8,34,88,91,,1.7,1.4,1.7,2,-0.2,0.8,57,6,17,50,8.3,28,89,23,16968,3978,8824,3047,99,100,101,7,11,66,34,41,49,55,91,56,120,23,9,29,31,8,37,31,36,,,24,46,4.4,1.9,,16,0.6,0.3,0.5,1.1,61,4,82,84,83,35,130,56,90,20,291,208,182,142,151,146,9,25,80,340,150,87,300,23,17,12,34,93,48,47,43,24,730,46,92,61,66,93,2,1.5,105,82,2,,73,79,95,63,880,,,,,,47,13,94,38,18,,26,,2.1,,32,35,30,19,62,1.5,1.3,95,74,77,93,16,55,13,31,19,21,31,2.5,1.6,130,76,47,65,75,91
Burundi,106,6.8,6.5,4.2,43,80,96,1,1.1,1,1.3,1.5,0.2,2.1,52,46,46,49,1.1,11,82,23,8575,1946,3813,1221,90,72,39,8,6,60,33,44,46,50,96,38,80,19,,43,45,,,45,47,,,43,59,,1.4,,22,0.6,0.3,0.4,1.3,70,5,,,,17,65,55,94,,229,183,165,133,145,139,10,69,79,500,93,83,800,20,19,14,98,99,44,46,34,20,288,51,81,58,60,88,1.6,1.5,110,86,4,3,71,72,83,92,610,,,,,,43,,99,41,17,30,29,18,2.4,1.7,3,58,24,15,64,1.4,1.2,87,74,75,87,11,31,35,42,38,38,33,1.2,0.9,120,,45,,,96
CEE/CIS,113,2.8,2.3,1.8,10,,58,23,3.1,3.2,3.9,4.6,0.9,1.3,,80,85,87,1.1,,,13,405743,53462,95460,28590,96,1100,125,,1,,,66,68,70,89,410,1500,18,,,,,,,,,,,,,,,73,0.1,0.1,0.1,0.6,,3,,,,,31,,93,,88,48,35,19,23,21,,,,,1800,,32,10,11,11,,95,20,18,14,,5823,,,,97,,,,40,18,,16,91,96,99,94,6500,,,,,,,,,,,,2,,,,,12,56,40,94,1,1,98,96,96,97,7,1700,,,,,,,,170,,,,,92
Cambodia,105,5.9,5.7,2.5,19,91,94,1,,1.4,4.8,7.9,0.2,3.9,5,20,31,73,3.7,7,92,23,14305,3222,5480,1505,94,52,13,7,11,54,59,44,56,63,94,31,64,,,43,44,28,58,41,44,30,64,41,55,2.1,1.3,2.1,51,0.1,0.1,0.1,0.6,82,2,,,,,48,64,94,65,,117,102,37,47,43,62,74,43,210,96,92,250,20,12,8,83,96,42,44,22,,317,49,97,67,71,95,2,1.4,85,36,3,2,58,64,87,93,,,,,,,39,,89,35,16,30,28,19,2.2,1.6,23,40,64,58,48,1.6,1.2,78,60,62,74,11,150,32,34,34,34,33,1.1,1,,,4,,,94
Cameroon,104,6.2,5.9,4.4,33,75,66,4,1.8,0.4,0.6,0.8,0.2,1.4,36,36,49,58,1.6,33,87,22,20030,4481,9420,3102,80,510,88,5,6,61,,46,53,52,66,280,550,60,7,32,32,12,50,,34,,,18,42,4,2.4,,23,2.9,1.2,2.1,4.6,63,2,93,93,93,21,127,30,67,20,206,145,140,120,135,127,11,20,24,670,600,,690,19,14,14,49,90,45,42,36,39,716,23,98,47,64,87,4.4,1.9,90,79,2,6,52,77,95,76,1300,36,36,45,25,36,,1,85,,,20,15,7,,2.8,9,33,12,9,51,1.8,1.5,91,58,70,86,11,31,5,34,12,17,27,6.8,2.2,340,1,21,47,67,66
Canada,106,2.2,1.7,1.7,4,,95,,4.9,2.9,1.9,0.9,1.5,-0.1,,99,100,100,1,,,12,34350,4137,6926,1936,,63,2,,,99,99,73,77,81,70,13,71,,,,,,,,,,,,,,,,74,0.1,0.1,0.1,0.3,,7,,,,,14,,99,,22,8,6,5,6,6,157,,,,89,,12,7,7,8,,98,17,14,11,,388,,,,100,,,,7,5,26,,99,100,100,98,,,,,,,,,100,,,,,,,,,,33,10,,,,,,,,6,5200,,,,,,,,,,,,,95
Cape Verde,111,6.9,5.3,2.3,10,92,90,4,5.1,4,4.8,5.5,1.3,3.9,,43,61,73,1.7,22,,23,501,113,190,50,99,2,0,,,76,72,53,65,74,90,3,3,,,,,,,,,,,,,,,,61,1.1,0.1,0.6,1,80,3,,,,,92,,90,73,160,58,39,20,23,21,91,60,13,54,5,,79,15,9,5,75,99,41,39,20,,10,,,64,78,91,,1.4,45,18,11,,85,88,90,96,,,,,,,,,98,,,,,,,,100,,63,45,,,,,,91,,6,480,,,,,,,,,,,,,90
Central African Republic,107,6,5.8,4.5,46,80,54,,1.5,-0.2,0.2,0.5,0.1,1.1,47,28,34,43,1.5,45,62,23,4487,1030,2098,658,74,100,25,8,7,53,38,42,49,48,54,62,130,20,11,16,17,14,23,26,26,19,33,13,21,1.6,1.6,1.7,15,2.6,1.2,1.9,4.6,56,2,92,92,92,32,133,30,47,43,226,169,172,157,170,164,6,34,32,540,130,0,890,23,17,16,65,64,43,41,35,42,156,33,87,38,54,83,2.6,2.2,112,108,5,2,51,67,92,62,350,62,60,58,60,61,31,1,68,26,19,24,24,23,1.4,1,,41,3,5,46,1.8,1.5,85,52,61,78,14,26,11,28,12,16,23,2.5,2,140,24,36,59,73,54
Chad,106,6.5,6.7,5.9,42,60,22,,1.1,1,1,1,-0.1,0.6,42,6,13,30,5,47,94,23,11525,2690,5992,2047,53,180,79,13,16,16,23,44,51,50,22,100,210,34,38,10,10,6,18,,,,,7,18,2.9,2.6,,5,2.1,0.9,1.5,3.1,46,4,84,85,84,36,193,26,31,29,257,208,189,160,177,169,4,3,59,1100,280,,1100,22,17,16,54,45,46,47,44,29,511,8,61,12,23,60,7.6,5.1,113,97,2,3,44,51,70,28,880,56,57,58,56,56,31,18,53,33,21,33,30,22,1.6,1.5,11,39,19,10,5,9.2,4.9,46,9,16,42,20,15,5,29,10,13,27,5.3,2.8,180,44,10,57,,22
Chile,108,4,2.6,1.8,5,,94,15,7.4,5.5,3.6,2,2.1,1.7,,83,96,98,1.2,,,16,17270,2769,4615,1222,91,34,2,,,100,,62,74,79,94,5,51,,,,,,,,,,,,,,,,58,,0.3,0.2,0.5,,4,,,,,54,,93,,82,19,11,8,10,9,141,,,20,73,,25,10,6,6,,98,29,23,14,,245,,,99,100,100,,1,16,8,,10,75,96,99,91,,,,,,,,,,,,,,,,,,,53,19,,,,,,100,,6,2200,,,,,,,,,,,,,94
China,105,5.5,2.3,1.6,9,,,2,4.3,3.3,5.8,7.9,4.3,1.9,,56,64,74,1.3,,,15,1347565,195432,317892,82205,99,620,249,,3,98,,63,69,73,99,231,780,,,,,,,,,,,,,,,,85,,,,,43,2,,,,,6,,99,41,117,49,35,14,15,15,115,28,,30,940,,37,9,7,7,97,99,36,21,12,,16364,,,99,100,100,,1,39,13,27,7,85,91,98,99,,,,,,,,,94,,,4,4,1,,3.3,100,10,70,58,,,,,,,,3,1700,,,,,,,,,,,,,99
Colombia,110,5.6,3.1,2.3,11,79,85,19,5.6,3.2,3.2,3.1,2.9,1.3,3,63,77,82,1.3,20,95,19,46927,8759,15951,4509,83,90,16,1,1,99,89,61,68,74,85,29,150,,,21,24,15,32,,,,,21,30,2.2,1.4,,79,0.1,0.4,0.3,0.5,86,5,,,,,85,64,85,57,105,34,25,16,20,18,102,43,33,63,240,,92,9,6,5,,95,38,27,19,,910,84,99,86,99,98,1.2,1.1,28,15,43,5,72,92,99,88,,,,,,,,,97,6,2,5,3,3,3,1.6,,13,48,29,,,1,,95,97,97,6,430,47,61,49,54,57,1.3,1.2,,,,39,,85
Comoros,105,7.1,5.6,4.9,32,85,83,,2.9,2,2,2.1,1.2,0.7,,30,36,50,1.7,,19,21,754,161,366,124,76,<0.5,2,,,,,48,56,61,83,,,,,,,,,,,,,,,,,,26,,0.1,,0.1,34,2,,,,63,95,56,85,25,219,122,100,74,85,79,33,21,45,380,<0.5,,280,18,11,9,82,94,47,37,37,,28,49,77,57,62,79,1.6,1.4,86,59,,22,97,95,91,72,,,,,,,,,75,,,,,,,,,,35,20,72,1.3,1.1,93,83,83,87,25,67,16,24,17,19,25,1.5,1.5,,,9,,,83
Congo,105,6.3,5.4,4.5,32,83,90,,1.2,0.9,0.9,0.9,0.8,0.8,27,15,18,20,1.3,29,93,22,4140,909,1940,637,95,74,14,3,8,92,,53,56,57,90,40,83,13,,8,8,5,12,18,22,12,27,6,9,2.4,1.5,2.3,45,2.5,1.2,1.8,3.3,78,,,,,25,132,52,90,39,152,119,109,94,103,99,25,19,21,780,92,,560,14,12,11,82,90,43,38,35,,145,40,95,86,93,98,2.4,1.1,75,64,3,9,32,71,95,90,230,,,,,,,,94,16,5,15,11,8,3.1,2,9,30,17,9,69,1.3,1.2,91,75,81,88,13,39,13,18,27,35,38,1.4,1.4,51,,26,26,40,90
Cook Islands,,,,,5,,93,,5.8,1.1,3.3,5.3,,,,100,100,100,1,,,,20,,8,2,98,,0,,,100,,,,,93,,,,,,,,,,,,,,,,,,29,,,,,,,,,,,47,,93,,61,19,17,8,11,10,135,,,0,,,,,,,,98,,,,,,,,,100,,,,16,8,,,,,98,89,,,,,,,,,100,,,,,,,,,,50,44,,,,,,,,3,,,,,,,,,,,,,,93
Costa Rica,106,5,3.2,1.8,6,,81,7,7.1,2.9,2.5,2.2,2.3,2.6,,96,95,95,1,9,,18,4727,832,1405,359,78,7,1,,1,99,86,67,76,79,84,4,9,,,,,,,,,,,,,,,,82,0.2,0.1,0.1,0.3,92,7,,,,,67,,82,,71,17,13,9,11,10,135,15,40,23,10,,40,7,4,4,,87,33,27,16,,73,,,99,99,100,,1,15,9,21,8,91,97,100,83,,,,,,,,,90,,,,1,,,,,6,41,22,,,,,,,,7,1300,,,,,,,,,,,,,85
Croatia,110,2,1.7,1.5,3,,96,,,4.3,4.4,4.5,0.9,0.6,,98,99,99,1,,,11,4396,490,806,215,99,<1,0,,,,,69,72,77,97,,1,,,,,,,,,,,,,,,,,,,,,,7,,,,,13,,96,,,13,8,5,6,5,165,,,9,2,,17,10,11,12,,97,15,12,10,,43,,,,100,,,,11,4,19,,97,99,100,96,,,,,,,,,,,,,,,,,,,60,39,,,,,,,,5,4100,,,,,,,,,,,,,96
Cuba,105,4,1.8,1.5,3,,96,,5.6,4.5,4,3.5,4.2,0.9,,81,91,94,1.2,9,,13,11254,1454,2343,543,99,12,1,,,100,100,70,74,79,96,3,14,,,54,54,,,,,,,49,55,,1.1,,74,,0.1,,0.2,77,11,,,,,51,97,99,70,41,13,9,5,6,6,157,49,17,41,16,,73,7,7,7,88,96,29,17,10,,110,,,,100,,,,11,5,,,89,94,96,99,,,,,,,70,,100,,,,,,,,,,56,32,,,1,,100,100,100,5,1000,,,37,51,54,,1.4,,,,66,,96
Cyprus,106,2.6,2.4,1.5,1,,96,,,5.3,6,6.7,0.4,2.4,,100,100,100,1,,,14,1117,153,244,65,,,0,,,100,,73,77,80,96,,,,,,,,,,,,,,,,,,,,,,,,2,,,,,4,,99,,,11,7,3,3,3,184,,,,,,10,7,7,7,,99,19,19,12,,13,,,,,,,,10,3,,,100,100,100,87,,,,,,,,,99,,,,,,,,,,72,52,,,,,,,,,6300,,,,,,,,,,,,,99
Czech Republic,108,2,1.8,1.5,2,,99,,,7.6,6.2,4.9,0.6,1,,97,98,99,1,,,10,10534,1069,1836,567,,2,0,,,,,70,72,78,99,,2,,,,,,,,,,,,,,,,,,,,,,6,,,,,11,,99,,,14,7,4,4,4,169,,,2,2,,5,12,12,10,,99,16,12,11,,116,,,,100,,,,13,3,20,4,100,100,100,98,,,,,,,,,,,,,,,,,,,73,42,,,,,,,,7,12100,,,,,,,,,,,,,99
CÃ´te d'Ivoire,104,7.9,6.3,4.3,41,82,62,,2.2,0.9,1.3,1.7,1.2,1.7,68,11,24,36,3.3,29,90,23,20153,4653,9539,2992,74,320,75,5,5,57,,44,53,55,62,170,360,61,20,,,,,,,,,,,,,,18,1.4,0.6,1,3,51,1,91,91,91,18,111,38,58,25,233,151,139,105,125,115,17,4,37,540,400,100,400,21,13,12,84,75,52,41,34,40,679,29,95,45,59,84,3.3,1.9,104,81,6,,68,80,91,49,1200,58,60,62,51,59,,9,91,21,6,20,16,9,3.4,2.2,30,27,24,17,28,3.2,2,89,41,55,79,17,53,6,12,14,17,22,2,1.5,410,36,39,34,57,62
Democratic People's Republic of Korea,110,4,2.4,2,18,93,,,,-2.5,1.4,5,2.6,0.9,,71,80,86,1.2,,,17,24451,4103,6757,1706,98,,12,4,5,95,94,62,71,69,94,,,,,7,8,,,,,,,4,11,,2.8,,69,,,,,31,,,,,,1,80,99,18,,45,58,32,35,33,69,65,36,77,,100,81,7,5,10,25,95,35,21,14,75,348,,,100,100,100,,1,23,26,13,,97,98,99,99,,16,17,,,17,88,,100,,,27,19,13,,2,,32,26,42,,,1,,100,100,100,6,670,,,73,74,75,,1,,,,,,94
Democratic Republic of the Congo,107,6.2,7.1,5.7,47,70,70,,1.5,0,0.4,0.7,-0.7,1.1,51,24,24,24,1,25,75,24,67758,16323,35852,12037,67,,465,8,9,75,45,44,47,48,70,,,,,13,15,8,24,,,14,30,12,21,2.8,1.7,2.2,17,,,,,52,,91,92,92,39,135,40,78,43,244,181,181,158,178,168,5,37,53,550,,98,540,21,19,16,59,79,48,50,43,36,2912,69,99,75,80,96,1.4,1.3,117,111,7,,27,45,79,71,,60,60,69,39,60,42,,89,29,12,27,24,17,2.3,1.6,0,43,8,8,25,1.1,0.8,27,29,28,24,10,30,28,26,27,27,26,0.9,1,,,38,16,,70
Denmark,106,2.1,1.7,1.9,2,,91,,3.2,4.4,4.1,3.8,1.2,-0.6,,100,100,100,1,,,13,5573,701,1212,327,,5,0,,,,,73,75,79,,2,6,,,,,,,,,,,,,,,,,0.1,0.1,0.1,0.2,,9,,,,,6,,91,,16,9,6,3,4,4,169,,,,7,,12,10,12,10,,94,15,12,11,,64,,,,,,,,7,3,21,,100,100,100,87,,,,,,,,,,,,,,,,,,,57,34,,,,,,,,5,4500,,,,,,,,,,,,,91
Djibouti,105,7.4,6.2,3.7,33,79,87,7,,1.4,1.5,1.5,0.9,2.5,30,10,50,63,6.3,,92,22,906,202,382,115,89,7,2,5,10,87,,43,51,58,87,5,9,1,37,16,18,,,,,,,9,18,,2,,23,0.3,0.1,0.2,1.4,35,5,71,73,72,1,27,62,87,67,,122,106,84,95,90,26,1,18,550,12,95,200,20,14,10,0,89,49,42,29,23,26,,,40,93,95,,2.3,94,72,12,10,54,88,99,84,46,13,11,,,12,43,49,92,,,27,23,18,,1.5,0,31,26,15,,,1.1,,82,89,90,10,140,,,,62,,,,9,93,20,,,87
Dominica,,,,,8,,98,7,5.7,1.6,1.8,2.1,,,,,,,,,,,68,,21,6,99,,0,,,,,,,,98,,,,,,56,,,,48,,,,,,,,,,,,,,4,,,,,48,,99,,54,17,15,11,13,12,128,,,0,,,,,,,,99,,,,,,,,,100,,,,14,11,,,,,96,99,,,,,,,,,100,,,,,,,,,,32,21,,,,,,,,10,,,,,,,,,,,,,,98
Dominican Republic,108,6.2,3.5,2.5,14,90,71,7,3.7,4.1,4.1,4,2.9,1.5,,75,83,87,1.2,25,78,20,10056,1967,3672,1051,98,37,5,0,2,98,95,58,68,73,80,24,44,,,39,41,31,46,33,34,21,41,37,42,1.5,1.2,2,73,0.4,0.1,0.2,0.7,88,2,65,69,67,,98,70,84,65,122,58,39,23,27,25,83,8,12,160,50,,150,11,6,6,19,91,42,30,21,,216,95,99,97,98,98,1,1,45,21,42,8,84,86,87,79,,,,,,,57,,99,5,1,4,3,3,4.4,1.2,,10,58,36,61,1.5,1.1,93,73,79,83,11,240,41,38,39,41,42,0.9,1.1,,,,34,62,84
East Asia and Pacific,105,5.6,2.6,1.8,11,85,10,4,3.9,3.4,4.7,5.9,3.8,1.8,,58,67,77,1.3,8,,16,2032532,317250,533810,141248,95,2100,590,4,4,84,77,61,68,73,89,720,2400,64,,20,23,14,35,,,,,21,24,2.4,1.1,,64,0.1,0.1,0.1,0.2,57,2,,,,,14,64,92,41,120,55,39,19,21,20,,28,42,,2700,85,82,10,7,7,87,95,36,23,14,,28448,54,92,88,92,95,1.7,1.1,41,17,23,5,84,90,97,95,28700,,,,,,,,93,24,10,10,6,5,2.5,2,95,12,63,48,48,1.9,1.2,89,65,70,80,6,680,36,41,41,43,46,1.1,1.1,510,,6,,,91
Eastern and Southern Africa,104,6.8,6,4.5,29,81,76,4,1.4,1.8,3.1,4.3,0.6,1.4,54,27,35,54,2,26,,22,418709,94195,196675,63188,85,16300,1177,5,7,43,44,47,51,56,76,8700,17200,2200,,35,36,,,38,40,,,32,48,,1.5,,34,4.3,1.9,3.1,7,84,3,,,,31,102,55,79,56,214,162,135,79,89,84,,52,59,,17800,72,410,19,15,12,50,85,47,43,35,,14399,28,77,36,44,75,2.7,2.1,100,55,4,5,50,61,87,79,27200,,,,,,30,,81,26,12,20,18,12,2.2,1.7,39,40,48,38,23,2.2,1.7,50,28,37,49,,52,34,44,38,39,46,1.3,1.2,10700,42,41,30,44,79
Ecuador,108,6.3,3.7,2.4,10,85,99,8,4.8,4.3,4,3.7,2.7,1.9,,84,92,96,1.1,,,19,14666,2843,5234,1469,99,19,7,,,85,58,58,69,76,98,8,35,,,,,,,,,,,,,,,,73,0.1,0.2,0.2,0.4,77,3,,,,,100,,99,,138,52,34,21,25,23,86,40,23,61,84,,110,12,6,5,,99,42,29,20,,298,99,98,99,98,98,1,1,41,20,26,5,89,94,96,98,,,,,,,,,84,,,,6,,,,,,56,33,,,1,,92,90,89,8,350,,,,,,,,,,,,,99
Egypt,105,5.9,4.4,2.7,7,86,,5,5.1,6.6,6.7,6.8,1.6,2.3,,93,95,97,1,7,99,19,82537,15964,30537,9092,98,6,40,1,7,72,66,50,62,73,96,2,10,,54,3,5,2,9,16,18,9,28,3,7,4.9,2.3,3.1,60,,,,,70,2,,,92,,50,73,96,56,237,86,44,20,22,21,91,53,35,55,18,,66,16,9,5,79,97,41,32,23,,1886,55,97,72,79,90,1.8,1.2,63,18,28,21,99,99,100,96,,,,,,,58,24,74,8,5,6,6,6,1.4,1,100,29,75,52,99,1,1,100,99,99,99,13,490,34,23,29,28,28,0.7,1,,91,,,,96
El Salvador,114,6.2,4,2.2,6,88,90,12,4.8,5.7,6.6,7.3,2.3,2.8,,83,87,89,1.1,,,23,6227,1440,2394,631,91,12,2,1,1,85,78,57,66,72,90,10,24,,,,27,,,,,,,,,,,,73,0.3,0.3,0.3,0.6,72,4,,,,,65,67,89,33,158,60,34,14,17,15,115,31,54,56,59,,81,13,8,7,62,90,43,32,20,,126,91,98,94,96,97,1.1,1,47,13,25,6,76,88,94,89,,,,,,,51,,94,12,1,7,6,4,12.9,2,,19,75,55,98,1,1,99,99,99,99,9,490,,,56,58,60,,1.1,,,,,,89
Equatorial Guinea,105,5.7,5.9,5.1,37,75,,,,2.2,2.3,2.3,-0.2,0.7,,,,,,,,21,720,154,327,111,73,17,3,,3,,,40,47,51,,10,20,3,,,,,,,,,,,,,,,10,4.1,1.6,2.8,4.7,,3,,,,49,128,,39,,,190,152,112,124,118,16,24,,,29,,240,25,20,14,33,65,39,47,36,,26,47,85,49,65,87,1.8,1.8,118,80,,8,,,,51,46,,,,,,,,86,,,,11,,,,100,35,38,22,,,1.8,,24,32,43,13,88,24,37,19,29,43,1.5,2.2,6,,1,,,33
Eritrea,108,6.6,6.2,4.4,22,93,99,,2.9,3.4,3.4,3.4,0.3,1.7,71,4,,,,25,,22,5415,1171,2588,879,99,13,13,13,15,26,41,43,48,62,99,12,23,4,49,,,,,,,,,,,,,,8,0.3,0.1,0.2,0.6,43,1,,,,13,,44,99,78,247,138,98,61,74,68,41,52,62,,52,46,240,21,16,8,68,99,47,41,36,,193,7,81,10,28,65,12.1,6.2,86,46,3,2,,,,99,280,,,,,,,63,70,,,40,35,23,,1.7,3,44,51,31,,,,,,,,14,86,,,39,45,59,,1.5,19,89,49,,,99
Estonia,115,2.1,1.9,1.7,2,,93,,,6.2,8.1,9.7,0.4,0.6,,94,95,96,1,,,10,1341,133,250,80,99,8,0,,,,,71,69,75,94,3,10,,,,,,,,,,,,,,,,,0.2,0.2,0.2,1.3,,5,,,,,21,,93,,,20,11,3,4,4,169,,,7,12,,2,11,13,13,,96,15,14,12,,16,,,,100,,,,16,3,,,97,98,99,94,,,,,,,,,,,,,,,,,100,,82,66,,,,,,,,4,25100,,,,,,,,,,,,,93
Ethiopia,106,6.8,7.1,4,31,88,51,4,0.7,3.6,4.5,5.3,-0.2,2.7,53,19,21,29,1.5,22,84,25,84734,20948,40698,11915,69,720,194,9,10,10,19,43,47,59,51,390,790,180,,24,24,,,32,34,,,19,38,,2,,29,0.4,0.2,0.3,1.4,55,2,,,,10,79,27,62,52,230,198,139,72,82,77,36,52,82,680,870,71,350,21,18,9,15,61,47,48,31,,2613,2,46,4,10,51,26.8,12.7,118,52,2,2,34,44,97,57,4600,,,,,,7,38,43,36,15,30,29,16,2.4,1.9,,44,61,44,3,7,5.9,18,5,7,29,20,67,18,45,24,26,45,2.5,1.9,950,74,33,,47,51
Fiji,108,4.5,3.4,2.6,8,94,99,1,2.9,2.8,2.8,2.8,1.5,1.2,,71,83,94,1.3,,,18,868,159,300,91,99,<0.2,0,,,,,60,66,69,99,,,,,,,,,,,,,,,,,,32,,,,0.1,,3,,,72,,31,,99,57,53,30,22,15,18,16,107,40,,23,<0.5,,26,8,6,7,,99,34,29,21,,18,,,,100,,,,25,14,,,95,98,100,94,,,,,,,,,100,,,,,,,,,,45,26,,,,,,,,10,1400,,,,,,,,,,,,,99
Finland,108,1.9,1.7,1.9,2,,99,,4.4,4.4,4,3.6,0.3,-0.3,,100,100,100,1,,,12,5385,627,1084,303,,3,0,,,100,,70,75,80,,,3,,,,,,,,,,,,,,,,,,,,0.1,,7,,,,,8,,99,,16,7,4,3,3,3,184,,,,4,,5,10,10,10,,99,14,13,11,,61,,,,,,,,6,2,16,,100,100,100,97,,,,,,,,,100,,,,,,,,100,,57,33,,,,,,,,4,12200,,,,,,,,,,,,,99
France,108,2.5,1.8,2,2,,97,,3.6,4.9,3.6,2.5,1.8,-0.6,,100,100,100,1,,,12,63126,7482,13837,3985,,130,3,,,,,72,77,82,65,46,160,,,,,,,,,,,,,,,,71,0.1,0.2,0.1,0.4,,9,,,,,12,,99,,18,9,5,4,5,4,169,,,,200,,8,11,9,9,,99,17,13,13,,792,,,,,,,,7,3,21,,100,100,100,89,,,,,,,,,100,,,,,,,,,,53,24,,,,,,,,,6200,,,,,,,,,,,,,99
Gabon,103,4.7,5.2,3.2,25,75,45,,,1.4,1.7,2.1,-0.5,2.3,70,30,33,33,1.1,35,,23,1534,346,642,188,89,34,3,2,4,85,63,47,61,63,45,24,46,3,,,,,,,,,,,,,,,33,3,1.2,2.1,5,62,1,,,,,,48,44,71,,94,82,59,72,66,44,6,9,520,67,,230,20,11,9,36,69,34,38,27,,42,,,67,86,92,,1.4,69,49,6,6,41,87,95,55,64,,,,,,,,94,,,,8,,,,100,25,31,20,88,1,1,92,87,89,90,14,130,,,29,25,23,,0.8,21,,55,,,45
Gambia,104,6.1,6.1,4.8,34,91,96,5,2.8,2.3,2.3,2.4,0,1.1,51,65,68,70,1.1,23,93,24,1776,421,897,292,90,7,6,4,10,56,72,38,53,58,96,8,14,,64,33,33,20,48,,,,,24,41,2.4,1.7,,13,1.2,0.4,0.8,1.5,34,3,91,90,90,30,104,69,95,52,286,165,130,94,107,101,23,34,31,730,28,93,360,26,13,9,21,99,51,47,38,21,67,34,58,41,57,77,1.7,1.9,78,58,3,2,85,89,92,91,,19,22,25,18,21,70,42,98,24,9,22,18,12,2.6,1.9,100,24,39,23,46,1.3,1,61,52,53,54,10,56,43,32,39,39,39,0.7,1,,76,33,49,,96
Georgia,110,2.6,2.2,1.5,15,,92,15,,3.6,3.9,4.2,0.9,1.6,,93,95,96,1,6,98,13,4329,541,892,258,96,2,1,1,2,98,90,67,71,74,92,1,5,,,,,,,,,,,,,,,,53,0.1,0.2,0.2,0.2,43,3,63,70,67,,44,74,90,69,,47,33,18,23,21,91,55,17,19,8,,67,9,9,11,100,95,19,17,12,61,51,95,99,98,100,99,1,1,40,18,24,20,96,98,100,94,,8,8,7,8,8,56,,98,,,1,1,1,,1.6,78,11,56,37,99,1,1,98,98,99,99,5,960,,,36,40,44,,1.2,,,,,,94
Germany,106,2,1.4,1.4,2,,93,,5.6,4.5,3.6,2.7,1.9,-0.2,,100,100,100,1,,,10,82163,8059,13437,3504,,66,3,,,,,71,75,80,93,11,73,,,,,,,,,,,,,,,,,,0.1,0.1,0.1,,8,,,,,9,,95,,26,9,5,4,4,4,169,,,,82,,7,12,11,11,,99,14,11,9,,699,,,,,,,,7,3,29,4,100,100,100,99,,,,,,,,,100,,,,,,,,,,53,26,,,,,,,,,10600,,,,,,,,,,,,,99
Ghana,103,7,5.6,4.1,30,88,91,3,2.1,2,2.1,2.2,1.1,1.5,48,8,14,19,2.4,16,81,22,24966,5412,11174,3591,98,200,60,3,9,67,87,49,57,64,91,110,230,31,2,28,28,17,34,30,34,23,50,22,34,2.1,1.5,2.1,34,0.9,0.4,0.6,1.5,76,3,94,94,94,53,70,41,91,52,183,121,99,72,83,78,34,63,44,450,260,,350,17,11,8,32,94,47,39,31,30,776,39,98,54,68,88,2.5,1.6,76,52,11,6,80,86,91,91,970,21,21,27,15,21,56,0,96,19,9,16,14,11,2.2,1.5,,28,36,21,47,1.7,1.3,82,55,63,72,13,68,45,34,34,35,37,0.7,1.1,180,4,39,,42,91
Greece,106,2.4,1.4,1.5,3,,83,,5.5,5,5,5.1,2.5,-0.3,,97,98,99,1,,,10,11390,1087,2001,600,91,10,1,,,,,72,77,80,95,3,11,,,,,,,,,,,,,,,,76,0.1,0.1,0.1,0.2,,7,,,,,12,,99,,38,13,8,4,5,4,169,,,,13,,3,8,9,10,,99,17,10,10,,117,,,,,,,,12,4,,,99,100,100,99,,,,,,,,,,,,,,,,,,,65,43,,,,,,,,,25500,,,,,,,,,,,,,99
Grenada,104,4.6,3.8,2.2,7,,94,12,,2.9,2.4,1.9,0.9,2.6,,97,97,96,1,,,20,105,20,35,10,,,0,,,,,64,69,76,94,,,,,,65,,,,60,,,,,,,,54,,,,,,4,,,,,53,,95,,,21,16,12,13,13,125,,,0,,,24,9,8,6,,98,28,28,19,,2,,,,99,,,,17,10,,,,,97,95,,,,,,,,,100,,,,,,,,,,39,18,,,,,,,,9,1700,,,,,,,,,,,,,94
Guatemala,111,6.2,5.6,3.9,15,85,85,10,4,4.8,4.5,4.2,0.6,1.7,,70,78,87,1.2,22,,23,14757,3467,7072,2192,89,19,14,,1,51,,52,62,71,85,26,65,,,20,22,5,41,24,24,,,14,32,7.8,2.2,,54,0.5,0.4,0.4,0.8,71,2,,,,,92,64,86,56,172,78,48,28,33,30,74,50,46,140,280,28,120,15,9,5,76,91,44,39,32,,473,20,95,37,52,77,4.7,2.1,56,24,16,5,87,92,98,87,,,,,,,,,93,21,3,16,13,8,6.5,1.9,,48,61,37,,,1,,97,97,96,11,190,39,51,37,37,38,1.3,1,,,,27,74,85
Guinea,106,6.8,6.7,5.2,39,80,59,5,1.6,2.7,2.8,3,0.1,1.3,8,11,18,32,2.9,44,96,23,10222,2334,5045,1691,93,68,48,7,8,39,50,34,44,54,59,41,85,11,69,,,,,,,,,,,,,,9,0.9,0.4,0.6,1.4,32,1,,,,74,153,42,57,40,316,228,175,123,128,126,12,48,,980,100,88,610,30,21,13,41,86,49,46,38,,394,26,57,31,46,84,2.2,2.7,135,79,2,,65,74,90,58,570,,,,,,,57,88,24,19,23,21,15,1.3,1.5,24,40,45,28,21,4,2.4,83,33,43,78,12,30,18,59,28,33,52,3.3,1.9,52,96,5,,,59
Guinea-Bissau,107,6.1,6.6,5,44,80,76,,0.7,1.2,1.3,1.3,-0.5,1.4,53,9,20,44,4.9,31,79,23,1547,349,739,244,93,20,9,5,6,42,70,37,43,48,76,12,24,3,34,12,15,6,25,,,,,8,22,4.3,2.8,,14,2,0.9,1.5,2.5,43,2,81,82,82,51,137,52,73,55,242,210,186,147,174,161,7,38,65,410,28,100,790,26,22,16,12,92,46,46,38,,59,19,79,27,44,69,4,2.6,125,98,,3,53,64,91,61,110,,,,,,35,39,93,22,11,21,18,13,2.1,1.6,,32,24,14,17,2,1.4,35,21,24,30,11,25,16,37,13,19,28,2.3,2.1,8,50,36,50,,76
Guyana,109,5.6,2.6,2.2,20,90,93,2,1,2.5,2.7,2.8,3.8,0.7,26,82,84,88,1.1,16,100,24,756,181,297,60,97,6,0,2,5,89,79,56,61,70,93,3,6,,,53,54,37,72,45,47,25,65,47,72,2,1.5,2.6,43,0.3,0.2,0.3,1.1,81,7,74,79,76,6,97,65,93,43,78,63,49,32,40,36,68,33,49,86,7,,280,12,10,6,11,97,37,25,18,52,13,81,96,90,92,98,1.2,1.1,48,29,13,6,93,94,98,98,,10,13,19,6,11,18,,92,16,4,12,11,7,3.8,1.7,,18,43,27,84,1.1,1,92,87,88,91,14,150,,,38,50,42,,1.1,,,24,,76,93
Haiti,104,5.8,5.4,3.3,25,70,,6,2.3,3.4,3.4,3.4,0.3,2.4,,10,17,24,2.4,15,85,22,10124,2270,4271,1245,75,96,19,6,10,25,54,47,55,62,,61,120,13,,31,34,18,41,34,40,28,52,26,38,2.2,1.4,1.9,32,1.1,0.4,0.8,1.8,90,1,,,,5,69,31,59,44,229,143,102,66,74,70,40,41,35,630,130,36,350,18,13,9,3,83,39,37,26,,266,6,68,15,26,47,10.5,3,99,53,3,4,51,69,85,59,420,,,,,,3,,85,22,6,20,18,12,3.6,1.7,,29,51,31,72,1.3,1.1,92,78,81,87,25,83,29,50,35,40,51,1.7,1.4,87,,,23,51,59
Holy See,,,,,,,,,,,,,,,,,,,,,,,0,,0,0,,,,,,,,,,,,,,,,,,,,,,,,,,,,,,,,,,,,,,,,,,,,,,,,,,,,,,,,,,,,,,,,,,,,,,,,,,,,,,,,,,,,,,,,,,,,,,,,,,,,,,,,,,,,,,,,,,,,,,,,,,,
Honduras,107,7.3,5.1,3.1,11,94,98,5,5.2,4.5,4.5,4.5,1.7,2.4,,69,77,85,1.2,26,,23,7755,1777,3338,975,99,25,4,1,1,67,81,52,66,73,98,10,33,,,28,30,13,44,,,,,21,37,3.4,1.8,,65,,,,,84,3,,,,1,108,56,98,79,156,55,35,20,23,21,91,30,48,,45,,100,15,7,5,,99,47,38,26,,205,33,99,50,67,90,2.9,1.8,43,18,13,6,79,87,95,99,,,,,,,54,,92,16,2,11,8,4,8.1,2.4,,29,61,39,92,1,1,96,93,94,95,10,270,56,47,56,56,55,0.8,1,,,,27,,98
Hungary,111,2,1.8,1.4,4,,99,,4.2,5.3,5.2,5.1,0.6,1.2,,100,100,100,1,,,11,9966,1072,1800,493,99,3,1,,,,,69,69,74,,1,4,,,,,,,,,,,,,,,,,,0.1,,0.1,,5,,,,,19,,99,,43,19,11,6,7,6,157,,,19,5,,21,11,14,13,,99,15,12,10,,100,,,,100,,,,17,5,31,,100,100,100,99,,,,,,,,,,,,,,,,,100,,66,43,,,,,,,,9,3300,,,,,,,,,,,,,99
Iceland,104,3,2.2,2.1,1,,96,,4.6,4.8,4.4,4,1.6,0.1,,100,100,100,1,,,14,324,45,81,24,,<0.5,0,,,,,74,78,82,,,,,,,,,,,,,,,,,,,,0.1,0.1,0.1,0.3,,7,,,,,15,,96,,16,6,4,2,3,3,184,,,,<1,,5,7,7,6,,98,21,17,15,,5,,,,,,,,5,2,17,,100,100,100,93,,,,,,,,,,,,,,,,,,,60,36,,,,,,,,4,8900,,,,,,,,,,,,,96
India,105,5.5,3.9,2.6,32,87,,5,2.5,2.6,3,3.3,1.7,2,,23,34,58,2.5,22,95,20,1241492,243492,448336,128542,87,,1655,16,20,47,37,49,58,65,47,,,,,19,20,4,45,35,36,15,55,14,33,11.7,2.4,3.8,55,,,,,56,1,,,,8,39,69,70,41,189,114,88,64,59,61,49,46,77,210,,66,200,16,11,8,71,83,38,31,22,,27098,24,85,43,52,76,3.6,1.7,81,47,9,2,90,92,97,74,,,,,,,13,,74,57,20,46,43,33,2.9,1.4,100,48,46,30,24,3,1.7,72,35,41,59,28,170,19,43,24,26,33,2.3,1.4,,,,17,32,72
Indonesia,105,5.5,3.1,2.1,15,85,,16,3.5,4.4,4.5,4.6,2.8,1.9,3,39,54,73,1.9,10,,18,242326,42771,77471,21210,82,240,134,5,13,55,82,52,62,69,63,110,380,,,6,10,3,23,2,15,2,27,6,16,7.5,2.5,12.2,61,0.2,0.2,0.2,0.3,85,1,,,,1,52,66,70,29,164,82,53,29,34,32,71,32,50,230,570,76,220,15,8,7,62,86,40,26,18,,4331,65,86,76,79,84,1.3,1.1,54,25,15,14,74,82,92,89,,,,,,,,,93,23,10,21,18,15,2.2,1.4,100,36,61,39,23,3.7,1.7,84,41,53,71,9,210,32,27,35,35,33,0.9,0.9,,,3,,,63
Iran (Islamic Republic of),105,6.5,4.8,1.6,14,95,,,6,3.3,4.3,5.1,1.5,5.1,,100,100,100,1,,,16,74799,12015,20819,6269,99,80,33,,,96,94,51,62,73,99,13,96,,,,,,,,,,,,,,,,79,,,,0.2,68,2,,,,,31,93,99,56,203,61,44,25,25,25,83,23,58,25,120,,21,16,8,5,99,99,42,34,17,,1255,,,,97,,,,47,21,40,,92,96,97,99,,,,,,,,,98,,,,,,,,100,,59,43,,,,,,,,7,2400,,,,,,,,,,,,,99
Iraq,110,7.4,6,4.6,20,85,,,4.6,0.7,0.9,1.1,1,1.2,,67,73,76,1.1,,93,23,32665,7490,16146,5294,92,,42,2,6,65,,58,67,69,76,,,,,3,3,,,,,,,1,4,,4.4,,50,,,,,62,3,84,87,86,1,68,82,78,31,115,46,43,35,41,38,67,25,36,84,,,63,12,7,6,28,90,45,38,35,60,1144,,,71,80,86,,1.2,37,31,21,15,56,79,91,76,,,,,,,82,,84,,,7,6,6,,1.1,,26,18,11,,,1,,96,95,95,15,310,,,32,31,30,,0.9,,,0,,,77
Ireland,106,3.8,2,2.1,2,,95,,4.6,2.5,3.9,5.1,3.2,-0.3,,98,99,100,1,,,13,4526,567,1137,370,41,6,0,,,100,,71,75,81,95,2,8,,,,,,,,,,,,,,,,65,0.1,0.1,0.1,0.3,,7,,,,,16,,95,,23,9,7,4,4,4,169,,,,10,,6,11,9,6,,98,22,14,16,,72,,,,100,,,,8,3,25,,100,100,100,92,,,,,,,,,100,,,,,,,,,,56,43,,,,,,,,,8100,,,,,,,,,,,,,95
Israel,106,3.8,3,2.9,2,,93,,,5.1,4.7,4.3,1.2,0.1,,100,100,100,1,,,16,7562,1206,2417,754,,7,1,,,,,72,76,82,99,3,9,,,,,,,,,,,,,,,,,,0.1,0.1,0.2,,4,,,,,14,,94,,,12,7,4,5,4,169,,,,11,,7,7,6,5,,96,26,22,21,,156,,,,,,,,10,4,,,100,100,100,98,,,,,,,,,,,,,,,,,,,63,38,,,,,,,,8,5100,,,,,,,,,,,,,94
Italy,107,2.5,1.3,1.4,2,,96,,6.1,5.5,4.6,3.8,3.2,-0.5,,,,,,,,9,60789,5742,10308,2910,,120,2,,,99,68,71,77,82,96,49,150,,,,,,,,,,,,,,,,,0.1,0.1,0.1,0.4,,7,,,,,7,,96,,33,10,6,3,4,4,169,,,,200,,4,10,10,10,,98,17,10,9,,557,,,,,,,,8,3,40,,100,100,100,90,,,,,,,,,99,,,,,,,,,,62,34,,,,,,,,,20300,,,,,,,,,,,,,96
Jamaica,107,5.5,2.9,2.3,11,80,99,19,3,3,3,3,3.1,1.2,,82,80,78,1,16,99,21,2751,562,956,254,99,24,1,,2,97,87,68,71,73,99,10,30,,,61,63,54,69,52,54,,,60,66,1.3,1.1,,72,0.6,0.9,0.7,1.8,36,3,87,90,89,,72,75,99,62,63,35,26,16,21,18,102,15,24,95,39,,110,8,7,7,,99,36,26,18,41,50,97,98,98,98,99,1,1,28,16,15,,88,93,98,88,,3,4,,,4,52,,99,,,,2,,,,,4,47,28,96,1,,99,,98,,12,370,,,,40,,,,,,,57,77,99
Japan,109,2.1,1.6,1.4,1,,,,5.1,3.5,3,2.5,1.5,0.6,,100,100,100,1,,,9,126497,11799,20375,5418,94,6,4,,,100,,72,79,83,,2,8,,,,,,,,,,,,,,,,54,,,,,,7,,,,,5,,96,,18,6,5,3,4,3,184,,,,10,,5,7,7,9,,99,19,10,8,,1073,,,,,,,,5,2,,,100,100,100,94,,,,,,,,,,,,,,,,,,,47,24,,,,,,,,8,13100,,,,,,,,,,,,,98
Jordan,104,7.9,5.8,3,12,90,98,4,4.8,2.7,2.7,2.7,1.6,3.1,,98,98,98,1,4,,23,6330,1418,2747,817,95,,3,0,2,99,94,61,70,73,98,,,,,12,13,,,,,,,,,,,,59,,,,,84,6,,,,,32,75,98,39,97,37,28,19,22,21,91,22,11,19,,,63,11,5,4,88,98,51,36,25,,154,98,100,99,99,99,1,1,31,18,19,7,92,97,98,98,,,,,,,79,,99,3,0,2,2,2,26,1.3,100,8,44,26,,,,,,,,13,470,18,30,20,20,20,1.6,1,,,,,,98
Kazakhstan,118,3.5,2.8,2.5,14,,95,70,1.7,3,3.3,3.7,1.1,0.5,,98,97,97,1,3,100,15,16207,2402,4800,1726,96,17,11,1,5,100,,62,67,67,99,8,19,,,22,22,18,28,,,,,21,24,1.6,1.1,,51,0.1,,,0.2,50,3,45,54,49,,31,71,99,64,79,57,42,24,32,28,78,17,16,17,23,,51,9,9,10,92,99,26,23,21,49,345,100,100,100,100,100,1,1,48,25,,17,90,95,99,99,,4,4,5,4,4,32,,100,5,2,5,4,3,2.8,1.7,,17,50,33,100,1,1,100,100,100,100,6,770,,,,74,,,,,,,,,99
Kenya,104,8.1,6,4.7,27,73,88,4,2.2,-1.5,1.4,4,1.5,1.2,56,32,32,32,1,26,96,22,41610,9322,20317,6805,92,1500,107,4,7,43,47,52,59,57,88,800,1600,220,9,42,48,29,61,52,55,42,68,45,57,2.1,1.3,1.6,46,3.5,1.6,2.6,6.2,85,,,,,23,106,56,88,58,153,98,113,67,78,73,38,32,54,490,1700,,360,15,10,10,98,95,51,42,37,,1560,20,81,37,44,75,4,2,64,48,6,5,52,59,82,87,2600,,,,,,50,,92,25,9,17,16,10,2.8,1.7,57,35,26,36,48,1.7,1.3,80,57,60,76,8,55,40,37,39,39,40,0.9,1,1100,27,47,37,67,88
Kiribati,,,,,19,,95,,2.8,2.9,2.9,2.9,,,,,,,,9,,,101,,36,10,86,,0,,,66,71,,,,95,,,,,41,44,42,49,46,49,38,52,43,45,1.2,1.1,1.4,22,,,,,,10,,,81,,39,81,95,,154,88,65,45,50,47,58,69,82,0,,,,,,,,99,,,,,,76,93,77,80,84,1.2,1.1,64,38,10,,,,,90,,,,,,,51,,88,,,,,,,,,,46,27,93,1,1,94,93,94,95,,,,,,62,,,,,,,,33,99
Kuwait,102,7.2,2.6,2.3,5,95,99,,6.4,2.9,2.1,1.4,5.1,0.6,,100,100,100,1,,,14,2818,394,863,282,99,,1,,,,,67,72,75,99,,,,,,,,,,,,,,,,,,,,,,,,3,,,,,14,,99,,60,17,13,10,12,11,133,,,,,,14,6,3,3,,99,49,21,18,,50,,,,100,,,,14,9,,9,99,99,99,99,,,,,,,,,100,,,,,,,,,,36,14,,,,,,,,,2900,,,,,,,,,,,,,99
Kyrgyzstan,113,4.9,3.9,2.7,16,,96,14,3.6,3.9,4,4,1.2,1.8,,93,93,94,1,2,99,20,5393,1082,1957,624,98,9,4,0,3,97,,60,66,68,96,4,12,,,19,20,17,29,,,,,18,23,1.7,1.3,,48,0.3,0.3,0.3,0.4,60,3,49,58,54,,31,62,94,65,143,70,47,28,34,31,72,32,26,64,19,,71,11,8,7,76,97,31,31,24,54,131,93,100,96,99,100,1.1,1,58,27,,11,85,90,99,97,,9,12,11,6,11,45,,97,2,2,2,2,2,0.8,0.9,,18,56,35,94,1,1,95,93,94,96,5,480,,,,20,,,,,,,,,96
Lao People's Democratic Republic,104,6,6.2,2.7,18,80,78,13,,6,6,6,-0.1,4,45,50,63,89,1.8,55,65,24,6288,1509,2581,682,77,8,6,9,7,17,,46,54,67,78,5,10,,,,,,,,,,,,,,,,38,0.2,0.1,0.1,0.3,41,1,72,75,74,8,110,32,79,30,,148,81,39,44,42,63,26,48,410,15,92,470,18,13,6,84,83,42,42,22,24,140,3,81,11,20,68,27.1,6.2,102,34,2,1,62,67,77,69,,25,26,33,17,26,52,,35,38,14,34,31,20,2.7,1.7,6,48,72,48,62,1.4,1.2,85,68,72,84,11,74,42,80,43,46,79,1.9,1.9,,,41,,,78
Latin America and the Caribbean,109,5.3,3.2,2.2,10,85,90,13,4,4.4,4.8,5.2,2.5,1.8,,60,79,84,1.4,,,18,591212,108552,195081,52898,95,1300,203,,2,89,89,60,68,74,90,540,1600,58,,,,,,,,,,,,,,,,0.2,0.2,0.2,0.4,,4,,,,,77,,92,,117,53,34,17,21,19,,37,,,1900,,81,10,7,6,,96,36,27,18,,10790,,,,90,,,,42,16,40,7,81,94,98,93,9500,,,,,,,,96,,,,3,,,,,12,64,44,,,,,,93,,8,520,,,,,,,,600,,,,,92
Latvia,115,1.9,1.9,1.5,5,,93,74,,1.7,4.3,6.7,0,1.2,,,,,,,,10,2243,216,382,117,95,7,0,,,,,70,69,73,91,3,9,,,,,,,,,,,,,,,,,0.1,0.2,0.1,0.7,,4,,,,,15,,94,,,21,17,8,9,8,145,,,32,13,,34,11,13,14,,97,14,14,11,,24,,,,100,,,,17,7,,,96,99,100,99,,,,,,,,,92,,,,,,,,100,,60,52,,,,,,,,5,2000,,,,,,,,,,,,,94
Least Developed Countries/Territories,104,6.7,5.9,4.2,33,81,74,4,1.7,2.3,2.7,3,0.6,1.7,53,30,35,48,1.6,28,,23,851103,193984,395405,124162,82,9600,2649,7,10,44,38,43,51,59,75,5000,10300,1600,,22,24,,,,30,,,24,35,,1.4,,35,1.3,0.6,0.9,1.9,68,2,,,,36,106,50,79,52,238,171,136,93,102,98,,49,64,,10900,82,430,22,15,10,50,87,47,43,33,,28334,30,78,40,48,76,2.6,1.9,107,65,6,4,56,63,82,76,43200,,,,,,43,,74,33,15,27,23,18,2.3,1.5,19,38,43,28,25,2.1,1.6,52,31,35,50,,52,40,47,41,42,47,1.2,1.1,7800,,41,,,78
Lebanon,106,5.1,3.1,1.8,5,,81,14,2.7,5.6,6,6.5,2.4,2.7,,,,100,,,93,18,4259,772,1271,328,,2,1,,,,,65,69,73,81,1,3,,,,,,,,,,,,,,,,54,0.1,0.1,0.1,0.1,35,4,82,82,82,,18,74,75,,57,33,19,9,10,9,141,15,15,,4,,25,9,7,7,71,84,33,26,15,74,65,,,,98,,,,27,8,,17,100,100,100,79,,10,8,,,9,,,96,,,,,,,,,,72,51,,,,,,100,,12,2100,,,,44,,,,,,,,,81
Lesotho,97,5.8,4.9,3.1,39,83,83,2,3.5,-2.9,0.1,2.8,0.8,2.1,,24,26,32,1.3,13,84,24,2194,531,970,276,95,300,5,2,4,59,70,49,59,48,83,170,320,41,,35,39,26,48,28,29,14,45,36,44,1.8,1.2,3.3,47,15.4,6.4,10.9,23.3,68,5,,,,,92,66,91,53,177,88,117,79,93,86,29,54,35,1200,340,,620,17,10,15,84,93,43,36,28,,60,35,90,54,62,88,2.6,1.6,71,63,7,7,73,78,91,85,200,,,,,,,,92,18,9,13,13,12,1.9,1.1,42,39,2,27,42,1.2,1,49,46,45,43,11,53,,,50,51,57,,1.1,140,,,45,60,83
Liberia,104,6.7,6.5,5.2,27,91,49,1,0.7,3.9,5.4,6.7,0.1,1.1,50,7,18,29,4.1,38,,22,4129,921,2057,700,73,21,12,2,3,37,66,41,42,57,49,12,25,5,,18,21,14,29,21,27,17,37,15,26,2.1,1.8,2.2,11,0.3,0.1,0.2,1,51,4,94,94,94,57,177,62,56,44,280,241,164,74,83,78,34,34,41,990,32,96,770,23,21,11,,61,49,46,39,,157,26,81,32,46,79,3.2,2.4,161,58,4,4,60,73,88,40,230,,,,,,,,79,21,13,20,15,17,1.6,1.2,91,42,68,52,1,6.1,1.9,7,3,4,5,14,24,41,64,52,53,57,1.6,1.1,33,58,37,16,28,49
Libya,107,7.6,4.8,2.5,10,,98,,5.7,4.9,4.8,4.7,2.3,3.1,,96,97,97,1,,,17,6423,1117,2293,717,99,,2,,,,,52,68,75,98,,,,,,,,,,,,,,,,,,,,,,,,2,,,,,4,,98,,139,44,27,16,17,16,107,,,,,,58,16,4,4,,98,49,26,23,,144,,,,100,,,,33,13,,22,,,,98,,,,,,,,,93,,,,,,,,,,63,40,,,,,,,,,620,,,,,,,,,,,,,98
Liechtenstein,,,,,,,,,,,,,,,,,,,,,,,36,,7,2,,,,,,,,,,,,,,,,,,,,,,,,,,,,,,,,,,,,,,,,4,,,,,,,,,,,,,,,,,,,,,,,,,,,,,,,,,,,,,,,,,,,,,,,,,,,,,,,,,,,,,,,,,,,,,,,,,,,,,,,,,,,
Lithuania,117,2.3,2,1.5,3,,92,32,2,3.9,5.3,6.6,0.7,1.4,,,,95,,,,12,3307,391,616,173,98,1,0,,,,,71,71,72,95,,2,,,,,,,,,,,,,,,,,,,,0.1,,5,,,,,17,,92,,26,17,12,5,6,6,157,,,9,2,,8,9,11,14,,95,17,15,11,,35,,,,100,,,,14,5,,,,,98,94,,,,,,,,,100,,,,,,,,100,,67,52,,,,,,,,4,9400,,,,,,,,,,,,,92
Luxembourg,107,2,1.6,1.7,2,,99,,4.7,5.4,4.6,3.9,1.1,-0.3,,100,100,100,1,,,12,516,63,110,29,,<1,0,,,100,,70,75,80,95,,,,,,,,,,,,,,,,,,,0.1,0.1,0.1,0.3,,5,,,,,7,,99,,22,8,5,3,3,3,184,,,,1,,20,12,10,8,,99,13,13,12,,6,,,,100,,,,7,2,29,,100,100,100,96,,,,,,,,,,,,,,,,,,,62,35,,,,,,,,8,3200,,,,,,,,,,,,,99
Madagascar,105,7.3,6.3,4.6,23,78,89,,0.4,4.4,4.6,4.8,0.8,1.5,57,12,15,21,1.8,36,89,24,21315,5060,10570,3378,82,26,45,,15,35,49,44,51,67,89,10,34,,,23,23,10,42,26,26,8,49,19,40,4.3,2.1,6.5,40,0.1,0.2,0.1,0.3,86,3,,,,20,147,42,88,72,176,161,104,58,65,62,47,51,61,500,47,91,240,21,16,6,53,96,48,45,35,,747,22,90,39,44,82,4.1,2.1,98,43,2,,34,46,74,70,,,,,,,,,86,40,24,37,36,31,1.7,1.2,21,50,62,41,61,1.5,1.2,93,78,80,92,16,81,12,29,14,17,32,2.4,2.2,,,46,7,9,89
Malawi,100,7.3,6.8,6,27,87,97,,1.9,3.2,4.8,6.2,0.4,0.6,57,51,51,49,1,35,81,24,15381,3673,8116,2829,99,850,52,3,4,73,46,41,47,54,97,430,910,170,,40,42,34,55,45,45,35,54,38,56,1.6,1.5,1.5,46,4.9,2.1,3.5,10,86,4,,,,43,157,70,86,58,334,227,164,79,87,83,31,72,77,680,970,96,460,24,18,12,50,98,52,48,44,,686,63,89,69,71,84,1.4,1.2,134,53,5,9,80,83,95,96,1000,,,,,,,,95,17,13,13,13,10,1.3,1.3,,47,64,50,,,,,,,,13,36,67,73,69,69,72,1.1,1,610,,39,31,41,97
Malaysia,106,4.9,3.5,2.6,3,90,99,5,5.8,4.8,4.6,4.4,1.6,1.4,,95,96,96,1,,,19,28859,5537,10244,2796,99,72,4,,,99,,64,70,74,97,8,81,,,,,23,48,,,,,,,2,,,,,0.1,0.1,0.4,,2,,,,,14,,99,,54,17,11,6,7,7,151,,,30,89,,29,7,5,5,18,99,33,28,20,,579,,,,99,,,,15,6,,,99,100,100,95,,,,,,,,,91,,,,13,,,,,17,62,39,,,,,,,,11,1300,,,,,,,,,,,,,99
Maldives,103,7.2,6.1,1.7,7,95,,20,4.6,6.9,10.9,14.5,0.8,6.1,,97,97,98,1,1,99,21,320,66,104,26,98,<0.1,0,3,11,95,85,44,61,77,96,,,,,22,35,9,19,,,,,32,43,2,1.4,,35,,,,,91,5,,,,,19,22,96,64,266,105,53,10,12,11,133,48,68,140,<0.1,,60,21,9,4,44,97,50,41,17,,5,89,99,93,95,99,1.1,1.1,76,9,32,7,97,98,100,96,,,,,,,,,99,24,11,20,17,11,2.3,1.8,100,19,90,80,92,1,1,94,92,93,93,22,870,,,,57,,,,,,,,,96
Mali,104,6.9,7.1,6.2,49,89,72,,1.9,1.8,1.8,1.8,-0.1,0.6,85,14,22,35,2.5,46,96,24,15840,3723,8525,2995,89,83,121,10,15,45,35,34,44,51,72,55,110,,73,14,15,,,,,,,12,19,,1.5,,8,0.3,0.1,0.2,1.1,25,3,,,,35,190,38,71,46,373,257,214,169,182,176,3,38,56,460,140,96,540,30,21,14,79,85,49,49,46,14,728,35,86,38,49,80,2.5,2.1,132,98,2,,51,64,87,56,,33,33,33,36,33,,75,70,31,17,29,27,20,1.8,1.5,,38,32,18,65,1.5,1.2,96,77,81,92,19,28,8,29,11,14,26,3.5,2.3,,89,70,27,,72
Malta,106,2,2.1,1.3,4,,96,,4.4,3.7,3.1,2.5,-0.2,2.2,,100,100,100,1,,,12,418,50,77,20,,<0.5,0,,,100,,70,75,80,82,,,,,,,,,,,,,,,,,,,,,,0.1,,6,,,,,20,,96,,27,11,8,5,7,6,157,,,,<0.5,,8,9,8,8,,99,16,16,9,,4,,,,,,,,10,5,,,100,100,100,84,,,,,,,,,100,,,,,,,,,,48,24,,,,,,,,6,8900,,,,,,,,,,,,,96
Marshall Islands,,,,,12,,92,,3.2,3.2,3.3,3.3,,,,53,75,83,1.6,21,,,55,,20,5,99,,0,,,85,77,,,,97,,,,,27,27,12,39,35,39,37,58,12,33,3.3,2.7,1.6,45,,,,,77,16,,,,,105,,95,73,98,52,38,23,29,26,80,31,53,140,,,,,,,,99,,,,,,68,99,68,99,97,1.5,1.4,41,22,9,,99,94,92,97,,,,,,,,,81,,,,,,,,2,,50,30,92,1.1,1,98,96,96,96,18,,,,,,,,,,,,9,23,94
Mauritania,106,6.8,5.9,4.5,40,80,75,,2.3,0.6,0.5,0.5,0.7,1.4,12,9,26,51,5.7,19,77,22,3542,791,1635,522,86,13,13,4,12,48,16,47,56,59,75,13,24,,53,4,5,0,12,10,14,4,27,2,8,29.5,4.7,6.2,9,0.4,0.2,0.3,1.1,61,2,,,,21,88,45,73,81,197,125,118,104,120,112,18,46,47,690,41,100,510,18,11,9,23,91,47,41,33,30,118,21,95,39,61,90,4.6,2.3,81,76,3,,48,50,52,67,,,,,,,24,66,75,,,,20,,,,21,23,10,5,28,2.9,1.8,83,42,56,75,34,44,10,34,11,20,16,3.2,1.5,,72,,,,75
Mauritius,109,4,2.3,1.6,9,95,98,2,6.3,2.5,2.2,1.9,2.7,1.7,,88,89,91,1,,,16,1307,211,344,81,99,5,0,,,98,,63,69,73,98,2,7,,,,,,,,,,,,,,,,76,0.4,0.6,0.5,1,,2,,,,,31,,98,,85,24,19,14,16,15,115,21,,22,10,,60,7,6,7,,99,29,22,13,,16,,,,98,,,,21,13,,,99,99,100,99,,,,,,,,,,,,,,,,,100,,37,19,,,,,,,,14,1000,,,,,,,,,,,,,98
Mexico,106,6.7,3.4,2.3,7,88,97,8,4,5.2,5.4,5.6,3.4,1.9,,79,85,87,1.1,39,,19,114793,21658,39440,10943,99,160,34,,2,80,86,61,71,77,98,32,180,,,,,,,,,,,,,,,,73,,0.1,0.1,0.2,27,3,,,,,87,,97,18,108,49,29,14,17,16,107,19,,52,200,,50,10,5,5,91,99,43,28,19,,2195,,,87,95,98,,1.1,38,13,43,8,91,96,97,98,,,,,,,,,96,,,,3,,,,,16,68,46,,,,,,,,7,790,,,,,,,,,,,,,97
Micronesia (Federated States of),103,6.9,5,3.4,17,,72,,,1.5,1.5,1.4,1.7,1.8,,,,,,,,24,112,27,48,13,75,,0,,,,,62,66,69,83,,,,,,,,,,,,,,,,,,55,,,,,,13,,,,,52,,83,,,56,49,36,47,42,63,,,0,,,100,9,7,6,,96,41,34,24,,3,,,,100,,,,44,34,,,,,,92,,,,,,,,,80,,,,,,,,,,26,15,,,,,,,,18,290,,,,,,,,,,,,,84
Middle East and North Africa,105,6.7,5,2.8,16,85,48,5,4.8,3.4,3.3,3.3,1.5,2.8,,70,82,91,1.3,,,20,415633,82134,157845,48169,93,220,351,,9,62,,52,63,71,91,74,260,32,,,,,,,,,,,,,,,48,0.1,0.1,0.1,0.1,,2,,,90,,37,,92,,190,72,52,34,38,36,,,,,320,,170,16,8,5,,96,44,34,24,,10017,,,57,73,84,,1.5,54,28,,12,76,86,93,90,6000,,,,,,,,77,,,,8,,,,75,20,50,30,,,1.3,,72,81,91,,190,,,,,,,,160,,,,,92
Monaco,,,,,2,,99,,,4.2,3.3,2.4,,,,,100,100,,,,,35,,7,2,89,,0,,,,,,,,99,,,,,,,,,,,,,,,,,,,,,,,,3,,,,,,,99,,,8,5,3,4,4,169,,,,,,,,,,,99,,,,,,,,,,,,,6,3,,,,100,100,99,,,,,,,,,,,,,,,,,,,50,24,,,,,,,,,,,,,,,,,,,,,,99
Mongolia,112,7.6,4.1,2.5,12,,99,4,,5.2,5.9,6.6,3.1,2.4,,29,51,64,2.2,2,99,18,2800,500,934,317,99,<1,2,2,2,99,,56,61,68,99,,,,,28,32,17,42,24,29,12,48,21,36,2.5,1.7,4.1,55,0.1,,,,78,4,43,48,46,,20,87,99,71,,107,63,26,35,31,72,59,66,47,<1,85,63,15,10,6,70,99,44,32,23,41,65,98,99,98,99,99,1,1,76,26,21,14,53,82,100,98,,8,9,10,6,9,72,,99,6,2,5,5,4,2.7,1.2,69,16,71,52,99,1,1,99,99,99,99,5,600,,,36,38,41,,1.1,,,,65,69,99
Montenegro,107,2.4,1.9,1.6,5,,90,,,3.3,4.3,5.1,1.2,0.6,,87,90,92,1.1,,97,13,632,83,145,39,97,,0,1,4,100,,69,76,75,91,,,,,,,,,,,,,,,,,,39,,,,,35,7,61,64,63,,24,89,95,25,,18,13,7,8,7,151,19,13,13,,,8,3,5,10,71,98,10,11,12,79,8,98,100,98,100,100,1,1,16,7,,16,96,98,99,91,,5,8,11,3,6,57,,97,4,1,1,2,2,4.1,0.7,100,7,59,43,94,1,1,99,99,98,98,4,7400,,,,16,,,,,,,,,95
Morocco,107,7.1,4,2.2,19,89,99,9,3.9,4.3,4.3,4.3,2.8,2.8,,52,70,83,1.6,8,,19,32273,6094,10790,3048,99,21,21,,2,73,,52,64,72,98,15,32,,,,,,,,,,,,,,,,67,0.1,0.1,0.1,0.2,66,2,90,92,91,,18,70,98,52,177,81,53,30,35,33,69,31,15,130,46,,100,17,8,6,21,99,47,30,19,56,620,30,95,55,74,92,3.2,1.7,64,28,16,11,61,83,98,95,,9,9,11,6,9,,,77,,,4,3,2,,2.5,,15,60,38,,,1.1,,80,85,92,15,400,18,25,18,23,28,1.4,1.5,,,,,,99
Mozambique,104,6.6,6.2,4.8,34,83,76,3,1,2.7,3.7,4.7,0.3,1.2,28,5,18,38,7.6,42,60,23,23930,5577,12086,3877,91,1200,86,4,6,58,,39,43,50,76,750,1400,200,,37,36,41,43,31,34,16,45,32,43,1.1,1.4,2.7,12,8.2,2.8,5.5,11.3,86,4,,,,30,193,65,73,63,275,226,172,99,107,103,22,41,52,500,1600,100,490,25,21,14,25,90,48,43,37,20,889,37,89,46,55,78,2.4,1.7,151,72,2,7,29,47,77,82,2000,32,33,,,33,22,,92,,,17,15,10,,1.7,20,43,54,40,20,2.4,1.4,48,28,31,39,16,43,40,50,50,55,65,1.3,1.3,800,,18,33,37,76
Myanmar,105,6.1,3.4,2,30,93,,8,2.4,2.5,2.6,2.6,2.8,2.6,,73,76,83,1.1,,93,18,48337,8665,14832,3981,93,180,53,6,8,36,,50,57,65,52,77,220,,,31,32,,,,,,,,,,,,46,0.3,0.2,0.3,0.6,81,0,,,,,17,69,99,76,172,107,84,56,69,62,47,24,65,320,260,96,200,16,11,8,93,99,40,27,17,44,824,51,96,63,71,90,1.9,1.4,77,48,,3,78,83,93,99,,,,,,,34,,83,33,14,24,23,19,2.5,1.3,,35,42,25,50,1.9,1.5,96,64,72,94,9,250,52,75,56,61,72,1.4,1.3,,,11,,,99
Namibia,102,6.5,5.2,3.2,18,83,82,,2.2,-0.1,2.7,5.2,1.1,2.4,54,17,32,57,3.4,17,89,23,2324,530,994,288,89,160,2,4,8,81,70,53,61,62,82,100,190,20,,62,65,61,69,59,62,55,67,65,65,1.1,1,1.2,55,6.5,2.7,4.6,13.4,91,4,,,,20,74,53,85,71,113,73,74,38,45,42,63,24,28,450,230,,200,15,9,8,63,88,43,38,26,,60,60,98,73,81,94,1.6,1.3,49,30,13,5,90,93,99,74,120,,,,,,,,95,22,7,19,17,12,3.1,1.7,,29,43,44,46,2,1.4,92,59,67,83,16,160,50,59,60,63,67,1.2,1.1,75,,34,74,82,82
Nauru,,,,,22,,99,,,0,0,0,,,,,65,65,,22,,,10,,4,1,99,,0,1,1,99,40,,,,99,,,,,8,13,13,10,8,10,,25,,,0.8,,,36,,,,,65,,,,,,84,69,99,76,,40,40,24,56,40,66,67,65,300,,,,,,,,99,,,,,,97,98,,97,,1,,32,32,8,3,,88,88,99,,,,,,,47,,95,7,3,,5,,2.7,,100,24,0,0,71,1.2,,88,,83,,27,,,,,,,,,,,,8,17,99
Nepal,103,6.1,5.2,2.7,27,82,92,4,3.1,4.8,4.9,5,0.8,3.2,,27,31,48,1.8,19,95,23,30486,7043,12883,3453,97,32,34,8,11,35,50,43,54,69,92,10,49,,,25,26,12,49,33,34,30,59,24,40,4.3,1.7,2,50,0.1,0.1,0.1,0.3,66,2,,,,1,81,50,92,45,249,135,83,47,49,48,57,70,93,280,100,91,170,21,13,6,80,96,44,39,24,,722,11,82,32,36,73,7.6,2.3,94,39,5,1,88,89,93,88,,,,,,,7,,58,40,10,30,29,17,4,1.8,20,41,64,42,36,1.5,1,52,42,42,44,18,190,39,36,39,39,44,0.9,1.1,,,,,45,92
Netherlands,105,2.4,1.6,1.8,3,,97,,3.2,2.9,3.5,4,2.2,-0.6,,100,100,100,1,,,12,16665,2019,3526,907,,20,1,,,100,,74,77,81,,8,25,,,,,,,,,,,,,,,,69,0.1,0.1,0.1,0.2,,8,,,,,5,,97,,16,8,6,4,4,4,169,,,,36,,6,8,9,8,,99,17,13,11,,181,,,,,,,,7,3,14,,100,100,100,96,,,,,,,,,,,,,,,,,100,,52,35,,,,,,,,,10500,,,,,,,,,,,,,97
New Zealand,105,3.1,2.1,2.2,3,,94,,3.1,4.1,3,2.1,2,-0.2,,,,,,,,14,4415,612,1091,320,,2,0,,,,,71,75,81,95,,3,,,,,,,,,,,,,,,,,,,,0.1,,8,,,,,29,,95,,21,11,7,5,7,6,157,,,,3,,15,9,8,7,,95,22,17,15,,64,,,,,,,,9,5,23,,100,100,100,93,,,,,,,,,,,,,,,,,100,,47,20,,,,,,,,6,3300,,,,,,,,,,,,,95
Nicaragua,109,6.9,4.8,2.6,13,81,98,11,4.5,4.5,4.5,4.6,1.9,2.9,,37,52,63,1.7,28,56,22,5870,1319,2390,684,98,3,4,1,1,74,78,54,64,74,98,5,8,,,,,,,,,,,,,,,,72,0.2,0.1,0.1,0.2,76,5,,,,2,109,58,99,54,161,66,42,22,29,26,80,31,43,63,19,2,95,14,7,5,97,99,46,37,23,,138,42,99,56,74,92,2.4,1.7,50,22,20,6,68,85,98,99,,,,,,,,,90,9,1,7,6,4,6.6,1.7,,22,61,39,72,1.3,1.1,93,77,81,87,9,350,53,64,55,59,64,1.2,1.2,,,,,,98
Niger,102,7.4,7.8,7,32,84,75,,0.2,3.8,4.4,5,-0.3,0.5,76,4,9,34,8.5,51,88,24,16069,3776,8922,3196,61,57,89,12,12,17,15,38,41,55,75,33,65,,3,12,13,5,30,14,16,6,34,8,31,6.5,3.8,5.8,18,0.5,0.2,0.4,0.8,65,3,,,,,199,51,44,42,324,314,216,122,127,125,13,27,,650,70,95,590,26,24,13,32,80,56,56,48,,777,5,59,8,18,71,11.8,8.5,133,66,1,4,39,49,100,76,,,,,,,,1,46,,,39,39,44,,0.9,14,51,60,42,20,3.3,2.9,67,25,32,71,27,23,14,32,16,34,31,2.3,2,,2,64,,42,75
Nigeria,103,6.5,6.4,5.5,39,60,,0,1,1.3,2.6,3.8,0.1,0.7,42,27,31,35,1.3,28,98,22,162471,36205,79931,27195,64,3000,756,9,14,35,45,42,46,52,50,1700,3400,440,22,20,22,9,34,28,33,18,41,18,30,3.6,1.7,2.2,15,2.9,1.1,2,3.7,76,2,,,,49,123,45,73,38,259,214,188,119,129,124,14,13,32,550,3800,73,630,22,19,14,97,53,46,44,40,38,6458,8,86,28,39,65,10.3,2.4,127,78,2,11,43,58,74,71,10800,37,38,41,32,38,23,30,58,35,10,27,23,16,3.5,1.7,,41,42,34,9,7,2.2,62,22,30,49,12,29,15,53,21,26,41,3.5,1.9,2200,30,29,29,56,47
Niue,,,,,10,,99,,,-7.3,-1.9,3,,,,100,100,100,1,,,,1,,1,0,99,,0,,,,,,,,98,,,,,,,,,,,,,,,,,,23,,,,,,,,,,,16,,98,,,14,29,21,21,21,91,,,0,,,,,,,,99,,,,,,,,,100,,,,12,18,,,100,100,100,99,,,,,,,,,100,,,,,,,,5,,-49,28,,,,,,,,0,,,,,,,,,,,,,,98
Norway,106,2.5,1.9,1.9,2,,95,,3.3,5.4,4.7,4.2,1.5,-0.2,,100,100,100,1,,,13,4925,646,1117,309,,4,0,,,,,74,77,81,,1,5,,,,,,,,,,,,,,,,88,,0.1,,0.1,,8,,,,,10,,94,,16,8,5,3,3,3,184,,,,6,,7,10,11,8,,99,17,14,12,,61,,,,,,,,7,3,16,,100,100,100,93,,,,,,,,,,,,,,,,,100,,63,37,,,,,,,,5,7900,,,,,,,,,,,,,94
Oman,107,7.3,7.2,2.2,5,91,99,,7.1,7.8,8.1,8.3,0.1,5.5,,95,99,100,1.1,,,16,2846,462,910,290,99,,0,1,7,99,96,51,71,73,99,,,,,,,,,,,,,,,,,,24,,,,,91,2,,,,,12,,99,85,195,48,22,8,9,9,141,,73,26,,,32,16,5,4,69,99,49,38,18,,50,,,,99,,,,36,7,14,2,78,89,93,99,,,,,,,,,99,,,,9,,,,,10,82,60,,,,,,,,12,1200,,,,,,,,,,,,,99
Pakistan,103,6.6,6,3.3,36,75,80,10,2,2.5,2.5,2.5,0.5,2.8,0,34,48,72,2.1,10,,23,176745,39894,73756,22064,85,76,352,12,15,41,28,53,61,65,80,28,130,,,2,3,,,,,,,,,,,,27,0.1,0.1,0.1,0.1,36,1,,,,3,16,69,75,29,182,122,95,68,76,72,39,37,55,280,260,90,260,15,10,7,69,88,43,40,27,,4764,16,77,33,43,66,4.8,2,95,59,7,6,89,92,96,80,,,,,,,50,,61,,,33,32,27,,1.3,,44,41,24,18,2.1,1.3,38,24,27,32,32,110,41,44,40,41,44,1.1,1.1,,,,,,80
Palau,,,,,9,,85,,,2.6,2.6,2.6,,,,100,100,100,1,,,,21,,7,2,,,0,,,100,81,,,,91,,,,,,,,,,,,,,,,,,22,,,,,,9,,,,,27,,98,,,32,25,14,23,19,100,,,0,,,,,,,,99,,,,,,,,,100,,,,27,14,,,96,85,83,85,,,,,,,,,90,,,,,,,,0,,42,25,,,,,,,,,,,,,,,,,,,,,,84
Panama,107,5.3,3,2.5,9,,87,5,3.1,2.6,2.5,2.5,2.8,1,,,,,,,,18,3571,646,1213,345,97,12,1,,1,88,,65,72,76,87,4,18,,,,,,,,,,,,,,,,52,0.1,0.4,0.3,0.8,,5,,,,,88,,91,,62,33,26,18,21,20,98,,,60,29,,92,8,5,5,,95,37,26,20,,70,,,84,89,99,,1.2,26,17,,,,,97,97,,,,,,,,,96,,,,4,,,,,19,41,24,,,,,,,,10,410,,,,,,,,,,,,,87
Papua New Guinea,107,6.2,4.8,3.9,23,61,61,13,2.7,2,2,2,1.2,1,,41,45,71,1.7,14,,22,7014,1561,3168,975,83,24,12,5,5,52,55,46,56,63,62,12,28,4,,,,,,,,,,,,,,,32,0.4,0.2,0.3,0.7,76,2,,,,,70,63,58,,151,88,72,55,60,58,50,56,72,730,33,12,230,17,10,7,92,83,44,35,30,,208,,,47,53,88,,1.9,64,45,,3,33,40,87,60,250,,,,,,,,79,,,20,18,12,,1.6,45,43,34,19,,,,,,,,11,110,,,,,,,,12,,,,,61
Paraguay,106,5.7,4.5,2.9,13,85,90,4,1.7,4,4.1,4.1,1.2,2.1,,40,71,90,2.3,,,21,6568,1385,2587,744,94,6,3,,1,,91,65,68,72,90,4,13,,,,,,,,,,,,,,,,79,0.2,0.2,0.2,0.3,67,3,,,,,63,,87,47,75,53,35,20,25,22,87,24,14,100,32,,99,7,6,5,93,97,37,33,24,,158,,,,82,,,,41,19,33,7,66,86,99,93,,,,,,,,,96,,,,3,,,,,18,57,37,,,,,,,,6,310,,,,,,,,,,,51,,90
Peru,107,6.3,3.8,2.5,9,85,91,15,3.7,6.6,6.8,7,2.5,2.1,,37,71,81,2.2,13,95,20,29400,5769,10421,2902,91,38,11,1,0,85,94,53,66,74,91,20,74,,,17,19,,,,,,,,,,,,75,0.1,0.2,0.2,0.4,82,3,,,,,72,68,91,51,158,75,39,17,20,18,102,71,55,93,200,,67,14,7,5,91,94,42,30,20,,591,56,100,64,85,96,1.8,1.5,54,14,23,,65,85,91,96,,,,,,,51,,95,9,1,8,4,2,15.7,3.8,,20,76,53,,,,,,93,,8,570,27,42,24,32,37,1.6,1.6,,,,38,,91
Philippines,110,6.3,4.3,3.1,12,76,14,15,2.2,3.8,3.8,3.9,1.9,1.6,,69,74,79,1.1,7,90,22,94852,20508,39205,11161,84,16,57,,7,44,78,61,65,69,76,4,19,,,19,21,14,26,,,,,17,23,1.8,1.4,,51,,,,,90,1,,,,0,53,50,80,54,88,57,39,22,29,25,83,34,34,160,24,91,99,9,7,6,45,85,39,33,25,,2358,26,94,48,62,78,3.7,1.6,40,20,10,3,92,92,93,79,,,,,,,42,,91,,,,22,,,,,32,55,35,,,1.1,,78,83,87,21,300,37,55,36,47,58,1.5,1.6,,,,,,80
Poland,112,2.2,2,1.4,4,,99,,3.6,5.9,5.2,4.6,0.4,1.8,,,,96,,,,11,38299,4300,7023,2008,93,28,2,,,,,70,71,76,98,10,35,,,,,,,,,,,,,,,,,,0.1,0.1,0.1,,5,,,,,16,,96,,36,17,10,5,6,6,157,,,2,46,,5,8,10,10,,99,17,15,11,,410,,,,100,,,,15,5,21,,,,100,98,,,,,,,,,,,,,,,,,,,66,40,,,,,,,,6,14400,,,,,,,,,,,,,99
Portugal,108,3,1.5,1.3,2,,97,,7.5,7.1,6.9,6.8,3.3,0.7,,100,100,100,1,,,10,10690,1100,1930,501,96,37,0,,,,,67,74,79,97,14,48,,,,,,,,,,,,,,,,67,0.2,0.3,0.2,0.7,,8,,,,,16,,97,,66,15,7,3,4,3,184,,,,62,,8,11,10,10,,99,21,11,9,,97,,,,100,,,,11,3,31,,100,99,99,96,,,,,,,,,100,,,,,,,,100,,77,53,,,,,,,,8,9200,,,,,,,,,,,,,98
Qatar,99,6.9,4.2,2.2,4,,93,,5.2,4.7,4.6,4.5,2.5,3,,100,100,100,1,,,8,1870,151,302,97,97,,0,,,,,66,74,78,93,,,,,,,,,,,,,,,,,,,,,,,,2,,,,,15,,93,,57,20,13,7,8,8,145,,,,,,7,6,2,2,,94,36,24,12,,21,,,,100,,,,17,6,,,100,100,100,99,,,,,,,,,100,,,,,,,,,,62,39,,,,,,,,,5400,,,,,,,,,,,,,93
Republic of Korea,109,4.5,1.6,1.4,2,,,,9.4,2.7,2.1,1.6,5.2,0.8,,100,100,100,1,,,13,48391,6458,9842,2488,99,12,3,,,,,61,72,81,99,4,15,,,,,,,,,,,,,,,,80,,,,,,4,,,,,2,,98,,49,8,6,4,5,5,165,,,,19,,16,9,6,6,,99,32,16,10,,479,,,,,,,,6,4,32,,88,98,100,99,,,,,,,,,,,,,,,,,,,36,16,,,,,,,,4,4800,,,,,,,,,,,,,99
Republic of Moldova,111,2.6,2.4,1.5,8,,78,9,3.5,3.8,3.7,3.6,0.3,2.4,,82,85,89,1.1,5,100,13,3545,459,740,223,98,12,1,1,5,99,89,65,68,69,96,6,15,,,,42,,,,39,,,,,,,,68,0.1,0.1,0.1,0.5,18,6,,,,,26,60,96,65,70,35,24,15,17,16,107,46,2,15,17,,41,10,10,13,60,96,18,19,12,,44,99,100,99,100,100,1,1,29,14,9,9,93,96,99,91,,,,,,,,,98,5,1,4,3,2,8.2,2,,10,54,33,97,1,1,98,98,98,98,6,1500,,,6,33,9,,1.5,,,,,,93
Romania,110,2.9,1.9,1.4,8,,89,29,2.7,3.3,5.2,6.9,2.1,1.5,,,,,,,,11,21436,2252,3928,1093,99,13,3,1,4,98,76,68,69,74,96,5,16,,,,,,,,,,,,,,,,70,,,,0.1,41,4,,,,,41,,89,,64,37,27,11,14,13,125,16,,21,20,,27,9,11,12,74,96,21,14,10,,221,,,98,99,100,,1,31,11,19,8,,,99,93,,,,,,,,,94,,,4,4,3,,1.3,100,13,67,53,,,,,,,,8,2600,,,,,,,,,,,,,89
Russian Federation,119,2,1.9,1.5,7,,,13,2,2.5,4,5.3,0.3,1,,59,70,74,1.3,,,10,142836,14023,26115,8264,95,730,20,,,,,69,68,69,97,,,,,,,,,,,,,,,,,,80,,,,,,3,,,,,30,,97,,40,27,21,10,13,12,128,,,17,1300,,34,9,12,14,35,97,14,14,12,,1689,,,,100,,,,23,10,,,92,97,99,98,,,,,,,,,,,,,,,,,,,56,44,,,,,,,,6,2000,,,,,,,,,,,,,97
Rwanda,105,8.1,7,5.3,21,85,97,2,1.8,-1.6,5.1,11.1,0.7,1.3,82,56,55,52,0.9,5,76,22,10943,2356,5352,1909,99,180,23,2,3,69,35,44,33,55,97,110,210,27,,49,53,,,44,47,,,50,66,,1.3,,52,1.7,0.8,1.3,2.9,79,5,,,,11,41,50,93,71,223,156,183,51,57,54,51,85,84,480,250,76,340,20,32,12,99,98,51,45,41,,449,61,86,67,69,82,1.4,1.2,95,38,7,7,63,65,76,95,660,,,,,,,,98,16,5,12,11,6,3,1.9,11,44,65,70,58,1.1,0.9,64,64,63,60,7,54,22,37,30,29,26,1.7,0.9,170,,70,29,58,97
Saint Kitts and Nevis,,,,,5,,98,17,4.6,5.5,6.4,7.2,,,,96,96,96,1,,,,53,,17,5,99,,0,,,,,,,,98,,,,,,53,,,,50,,,,,,,,54,,,,,,4,,,,,67,,98,,71,28,16,6,8,7,151,,,0,,,,,,,100,99,,,,,,,,,100,,,,22,6,,,99,99,99,99,,,,,,,,,100,,,,,,,,,,74,55,,,,,,,,8,,,,,,,,,,,,,,97
Saint Lucia,108,6.1,3.4,2,9,,97,6,5.2,2.2,1.7,1.4,2.9,2.6,,63,65,71,1.1,,,18,176,32,55,15,97,,0,,,,,64,71,75,97,,,,,,,,,,,,,,,,,,,,,,,,5,,,,,49,,97,,63,23,18,14,17,16,107,,,0,,,35,9,6,6,,98,39,28,17,,3,,,,100,,,,18,14,,,95,96,98,95,,,,,,,,,99,,,,,,,,,,31,14,,,,,,,,11,1400,,,,,,,,,,,,,97
Saint Vincent and the Grenadines,106,6,3,2,13,,96,14,6.5,1.9,1.1,0.4,3.6,1.8,,96,,,,,,19,109,21,35,9,99,,0,,,,,61,69,72,96,,,,,,,,,,,,,,,,,,48,,,,,,3,,,,,70,,95,,96,27,22,19,23,21,91,,,0,,,48,11,7,7,,98,40,25,17,,2,,,,99,,,,21,20,,,,,,99,,,,,,,,,100,,,,,,,,,,21,5,,,,,,,,8,940,,,,,,,,,,,,,95
Samoa,109,6.1,4.8,3.8,8,,91,3,,2.6,2.2,1.8,1.2,1.1,,98,98,98,1,5,,24,184,44,81,22,99,,0,,,81,58,55,65,72,91,,,,,2,3,3,3,5,6,3,9,2,5,1,2.4,2.7,29,,,,,71,5,,,,,29,,91,88,,30,23,16,21,19,100,51,74,29,,,100,10,7,5,,99,39,32,24,,4,66,95,78,81,94,1.4,1.2,25,16,13,,96,96,96,67,,,,,,,,,93,,,,,,,,100,,37,18,31,2.1,1.4,63,44,48,62,10,260,,,,68,,,,,,,,,91
San Marino,,,,,1,,85,,,8.1,9,9.8,,,,,,,,,,,32,,6,2,,,0,,,,,,,,86,,,,,,,,,,,,,,,,,,,,,,,,6,,,,,1,,86,,,12,5,2,2,2,195,,,,,,,,,,,90,,,,,,,,,,,,,11,2,,,,,,83,,,,,,,,,,,,,,,,,,,85,66,,,,,,,,,,,,,,,,,,,,,,86
Sao Tome and Principe,105,6.5,5.4,3.6,29,,96,5,0,0.4,0.4,0.4,0.9,1.9,61,19,26,30,1.6,25,84,24,169,40,79,24,99,<1,0,3,11,79,72,55,61,65,96,,,,,39,43,27,56,39,43,39,55,38,47,2,1.3,1.4,38,0.3,0.4,0.4,1,74,3,,,,8,110,75,96,45,96,96,93,86,92,89,28,51,20,160,1,44,70,13,10,8,86,98,41,38,31,,5,74,93,75,82,89,1.3,1.2,62,58,5,12,88,89,89,91,,,,,,,,,98,18,7,14,13,12,2.6,1.1,15,29,8,4,74,1.1,1,86,74,75,76,8,330,,,52,49,45,,0.9,,,56,,59,96
Saudi Arabia,103,7.3,5.8,2.7,5,,98,,,7.3,7.3,7.3,1.1,3.6,,,,100,,,,18,28083,4926,9923,3186,98,,6,,,,,52,69,74,98,,,,,,,,,,,,,,,,,,24,,,,,,2,,,,,7,,98,,,43,21,8,10,9,141,,,,,,24,15,5,4,,99,47,36,22,,605,,,,97,,,,34,8,,6,,,97,98,,,,,,,,,97,,,,,,,,,,78,55,,,,,,,,,1400,,,,,,,,,,,,,98
Senegal,104,7.4,6.6,4.7,26,88,83,,3.9,0.4,3.5,6.4,0.5,1.6,63,39,52,70,1.8,22,93,24,12768,3004,6425,2125,95,43,30,5,10,73,50,41,53,59,83,28,53,,17,26,29,,,28,31,,,18,41,,2.2,,13,0.5,0.3,0.4,0.7,61,3,,,,8,93,50,73,23,295,136,130,60,69,65,45,39,51,390,65,,370,24,13,9,47,94,51,44,37,,471,30,96,49,65,91,3.2,1.8,69,47,6,3,56,72,93,82,,,,,,,,13,93,24,10,21,18,12,2.4,1.8,32,27,52,50,50,1.9,1.4,94,66,75,89,19,54,21,31,21,22,24,1.5,1.2,,26,35,,49,83
Serbia,106,2.4,2.1,1.6,4,,91,24,,8.1,6.6,5.3,0.6,1.4,,88,92,96,1.1,3,99,12,9854,1207,2089,551,99,2,1,1,4,100,94,68,72,75,89,,4,,,53,54,28,69,43,48,28,66,41,63,2.4,1.5,2.4,61,,,,0.1,84,6,64,70,67,,22,90,91,8,,29,13,6,8,7,151,14,15,9,5,,12,9,10,12,32,91,18,15,11,78,110,99,100,100,100,100,1,1,25,6,25,16,98,99,99,95,,1,1,2,1,1,82,,99,3,2,1,2,2,1.4,0.7,,7,75,44,97,1,1,100,99,99,99,5,4900,,,22,36,50,,2.3,,,,65,63,91
Seychelles,,,,,9,,99,4,6.9,1.8,0.9,0,,,,,,98,,,,,87,,43,14,99,,0,,,,,,,,99,,,,,,,,,,,,,,,,,,,,,,,,3,,,,,62,,99,,66,17,14,13,15,14,122,,,57,,,,,,,,99,,,,,,,,,,,,,14,12,,,,,100,99,,,,,,,,,,,,,,,,,100,,17,0,,,,,,,,,,,,,,,,,,,,,,99
Sierra Leone,103,5.9,5.7,4.9,49,85,84,2,1.2,1,1.7,2.4,0.1,0.7,36,6,13,23,3.8,38,93,23,5997,1366,2965,984,96,39,42,8,9,50,75,35,39,48,84,27,49,4,72,16,23,14,36,26,,,,19,30,2.6,1.6,,11,1.3,0.5,0.9,1.6,25,1,82,81,82,62,98,74,81,45,342,267,241,176,194,185,1,32,48,860,69,99,890,29,25,15,63,94,47,44,38,42,227,44,85,59,63,72,1.9,1.2,158,119,5,10,35,55,87,80,310,32,33,29,28,32,58,10,93,22,15,22,22,20,1.4,1.1,2,44,31,23,74,1.2,1,88,78,78,78,11,23,75,70,75,73,66,0.9,0.9,18,88,30,12,,84
Singapore,106,3.2,1.8,1.3,1,,,,6.4,6.5,5,3.7,2.9,1.5,,,100,100,,,,14,5188,747,1104,238,99,3,0,0,4,100,,68,76,81,96,1,3,,,,,,,,,,,,,,,,,,,,0.1,,2,,,,,6,,96,,27,8,4,2,3,3,184,,,,5,,3,5,5,5,,98,23,19,9,,47,,,,,,,,6,2,,3,,100,100,95,,,,,,,,,,,,,3,,,,,4,65,33,,,,,,,,8,25300,,,,,,,,,,,,,96
Slovakia,111,2.5,2,1.3,4,,99,,,4.2,3.9,3.7,1,2,,99,100,100,1,,,12,5472,635,1024,281,97,<0.5,0,,,,,70,71,75,99,,,,,,,,,,,,,,,,,,,,,,,,6,,,,,21,,99,,,18,12,7,9,8,145,,,10,<1,,6,9,10,10,,99,18,15,11,,58,,,,100,,,,16,7,24,,100,100,100,98,,,,,,,,,97,,,,,,,,100,,56,34,,,,,,,,7,12200,,,,,,,,,,,,,99
Slovenia,109,2.3,1.5,1.5,2,,96,,,6.6,6.2,6,2,0.1,,100,100,100,1,,,9,2035,193,344,102,,<0.5,0,,,,,69,73,79,,,,,,,,,,,,,,,,,,,,,0.1,,0.1,,6,,,,,5,,96,,,10,5,3,3,3,184,,,10,<1,,12,10,10,10,,98,17,11,10,,20,,,,100,,,,9,2,,,99,99,100,95,,,,,,,,,100,,,,,,,,,,73,48,,,,,,,,,5900,,,,,,,,,,,,,96
Solomon Islands,104,6.9,5.9,4.2,11,85,88,6,4.5,3.2,3.1,3.1,0.8,1.6,49,,,98,,15,,22,552,121,254,81,89,,0,2,4,85,65,54,57,68,88,,,,,29,29,17,37,26,35,35,50,28,34,2.1,1.2,1.5,35,,,,,81,5,,,72,19,70,73,93,75,102,42,31,22,21,22,87,74,67,150,,,93,13,11,6,,94,45,40,31,,17,74,95,84,86,95,1.3,1.1,34,18,6,3,,,,73,,,,,,,23,,74,14,10,12,12,8,1.4,1.5,47,33,48,29,,,,,,,,13,240,,,,,,,,,,40,18,39,88
Somalia,106,7.2,6.6,6.3,50,64,,,,0,0,0,0.4,0.2,12,6,23,52,8.7,,85,22,9557,2140,4896,1701,41,23,71,12,13,9,6,40,45,51,,15,35,,65,3,4,1,8,,,,,2,7,13.5,4.1,,15,0.4,0.3,0.3,0.7,16,,,,,8,123,13,49,26,,180,180,170,190,180,2,9,35,1000,52,12,1000,24,20,15,1,52,51,45,43,48,416,11,77,15,33,65,7.2,4.5,108,108,,5,7,29,66,46,,,,,,,32,46,26,42,14,38,32,20,3,1.9,0,42,0,0,1,6.6,3.7,7,2,3,6,,16,7,31,9,13,25,4.8,2.9,,98,11,,,41
South Africa,102,5.6,3.7,2.4,19,77,72,5,,-1.7,1.4,4.2,2.1,2,,67,79,86,1.3,15,,20,50460,9940,18045,4989,78,5300,47,,5,89,87,53,62,53,76,2900,5600,460,,,,,,,,,,,,,,,60,11.9,5.3,8.6,17.3,49,3,,,,,54,65,73,61,,62,74,44,50,47,58,8,31,400,5900,44,300,14,8,15,,77,38,29,21,,1052,,,85,91,94,,1.1,48,35,21,,79,91,99,78,3500,,,,,,,,97,,,9,9,10,,0.9,100,24,25,37,,,,,,92,,,140,,,32,40,41,,1.3,2100,,,,,72
South Asia,104,5.7,4.2,2.7,32,85,23,5,2.5,2.9,3.1,3.3,1.6,2.1,,28,38,60,2.1,22,95,20,1653679,333425,614255,176150,87,1600,2309,14,16,44,35,49,59,66,57,890,2500,110,,15,17,4,44,34,34,15,55,14,33,11.7,2.3,3.8,52,0.1,0.1,0.1,0.2,55,,,,,7,38,65,73,39,195,119,89,63,61,62,,47,75,,3400,73,220,17,11,8,71,85,40,33,23,,37402,22,82,40,49,73,3.7,1.8,85,48,9,3,88,90,96,77,42900,,,,,,24,,70,55,19,43,33,31,2.8,1.4,90,39,48,30,23,2.7,1.6,63,32,37,52,28,150,29,46,32,34,39,1.6,1.2,600,,,17,33,75
South Sudan,,,,,38,44,,,1.6,2.8,2.8,2.8,,,53,,,,,28,65,,10314,,,,57,100,43,12,23,12,17,,,,,77,150,16,,8,10,3,18,,,,,7,16,6.1,2.3,,4,2.5,1,1.7,3.1,21,,,,,36,,48,46,,302,217,165,119,122,121,15,45,38,2100,200,,,,,,54,58,,,,,,8,41,15,19,31,5.1,2,129,76,1,,,,,64,410,,,,,,33,,40,32,21,29,28,23,1.6,1.3,0,31,45,27,21,2.7,1.4,57,32,35,45,,,27,52,37,39,44,1.9,1.2,75,,25,7,,46
Spain,108,2.9,1.3,1.5,3,,97,,4.9,5,4.5,4.1,3.8,-0.5,,100,100,100,1,,,9,46455,4299,8306,2546,,130,2,,,,,72,77,81,97,35,150,,,,,,,,,,,,,,,,66,0.1,0.2,0.1,0.4,,7,,,,,13,,97,,29,11,7,4,5,4,169,,,,160,,6,9,9,9,,99,20,10,11,,499,,,,,,,,9,4,26,,100,100,100,95,,,,,,,,,,,,,,,,,,,61,36,,,,,,,,,12000,,,,,,,,,,,,,97
Sri Lanka,109,4.3,2.5,2.3,8,95,99,9,4.8,4.1,4.1,4.1,2.8,0.4,5,93,92,88,0.9,4,,15,21045,3165,6183,1886,99,3,5,4,15,98,93,63,70,75,99,1,4,,,,,,,,,,,,,,,,68,,,,,87,2,,,,0,24,58,99,80,76,29,19,11,13,12,128,76,84,39,11,,35,9,7,7,92,99,31,20,18,,373,97,99,99,99,99,1,1,24,11,24,1,90,91,99,99,,,,,,,,,99,29,11,,21,,2.6,,39,17,58,36,97,1,1,98,98,97,97,17,1200,,,50,50,57,,1.1,,,3,,,99
State of Palestine,105,7.9,6.5,4.4,13,,,,,3.6,3.2,2.8,0.9,1.9,,92,92,92,1,,,25,4152,1040,2051,635,98,,3,,,97,,56,68,73,98,,,,,,,,,,,,,,,,,,50,,,,,,,,,95,,60,65,99,,,43,30,21,23,22,87,27,,,,,64,13,5,4,86,99,50,45,33,,137,98,100,98,99,99,1,1,36,20,15,,81,85,86,99,,,,,,,,,99,,,,,,,,,,49,27,,,1,,96,96,97,7,330,,,,,,,,,,,,,99
Sub-Saharan Africa,104,6.7,6.2,4.9,34,76,60,3,1.4,1.5,2.3,3.1,0.3,1.2,50,23,30,43,1.9,26,,23,876497,200971,428333,140617,79,22100,3370,7,9,47,46,44,50,55,70,11800,23500,3100,21,26,28,16,36,34,36,22,45,25,34,2.2,1.4,2,24,3,1.3,2.2,4.8,71,3,,,,38,109,49,76,48,236,178,154,103,114,109,,37,50,,24900,78,500,20,16,12,48,79,47,44,37,,32584,27,82,40,49,76,3,1.9,107,69,4,7,49,61,83,74,53600,,,,,,34,24,77,30,12,24,21,15,2.5,1.6,27,40,39,29,25,2.4,1.7,60,33,41,56,12,39,27,42,31,32,38,1.5,1.2,15200,40,38,30,49,71
Sudan,106,6.6,6,4.3,31,74,93,4,0.9,1.7,1.7,1.7,0.5,1.5,25,14,26,44,3.1,14,82,23,34318,10044,20660,6472,92,56,95,13,16,21,47,45,53,61,93,22,69,,42,4,5,1,11,,11,,,3,10,13.6,3.4,,9,0.2,0.2,0.2,0.4,51,2,,,,65,70,56,93,,148,123,104,81,91,86,29,41,40,94,84,,730,19,14,9,10,98,46,41,32,,1447,6,59,16,23,41,10.5,2.5,77,57,7,5,52,58,67,87,,,,,,,66,37,56,40,17,35,32,24,2.4,1.5,2,35,30,17,26,3.8,1.7,98,50,59,85,,31,21,16,22,22,23,0.7,1.1,,88,,,,93
Suriname,110,5.7,2.7,2.3,16,93,86,,,2.6,2.7,2.7,3.6,0.8,,66,83,90,1.4,,92,18,529,96,176,47,,2,0,1,5,88,,63,67,71,86,2,3,,,41,41,23,54,,,,,32,45,2.4,1.4,,46,0.2,0.2,0.2,1,58,4,85,87,86,,66,74,86,34,,52,40,26,33,30,74,2,15,180,5,,130,9,7,7,,90,37,23,18,31,10,81,96,82,90,95,1.2,1.2,44,26,,4,81,92,97,85,,8,6,13,1,7,37,,90,9,5,8,7,7,1.8,1.1,,11,43,26,94,1,1,98,95,97,98,11,320,,,60,44,24,,0.4,,,3,80,,86
Swaziland,98,6.9,5.7,3.3,35,86,91,2,3.9,-3.2,-1,0.9,0.9,2.7,10,55,57,64,1.2,22,93,25,1203,301,548,158,98,180,4,1,1,80,77,48,59,49,91,100,190,17,,56,58,49,72,52,54,44,64,55,70,1.5,1.3,1.5,65,15.3,6.3,10.8,26,66,4,88,90,89,2,111,58,85,55,181,83,114,94,113,104,21,44,11,590,200,41,320,18,10,14,52,98,49,43,29,10,35,65,94,80,82,89,1.4,1.1,61,69,12,11,65,71,91,98,110,15,15,20,9,15,61,,97,8,4,6,6,4,2.3,1.5,,31,-24,9,39,1.9,1.3,73,47,50,62,9,95,58,60,55,57,65,1,1.2,75,,2,69,85,91
Sweden,105,2,2,1.9,2,,98,,3.4,4.9,4.2,3.5,0.1,0.2,,100,100,100,1,,,12,9441,1097,1916,562,23,7,0,,,,,74,78,81,,3,9,,,,,,,,,,,,,,,,,,,,0.2,,8,,,,,6,,98,,13,7,4,3,3,3,184,,,,13,,4,10,11,10,,99,14,14,12,,113,,,,,,,,6,2,,,100,100,100,96,,,,,,,,,100,,,,,,,,,,58,32,,,,,,,,,14100,,,,,,,,,,,,,98
Switzerland,106,2.1,1.5,1.5,3,,95,,4.1,3.5,2.9,2.4,1.6,0.1,,100,100,100,1,,,11,7702,867,1435,382,,16,0,,,,,73,78,82,,6,20,,,,,,,,,,,,,,,,,0.1,0.2,0.2,0.4,,6,,,,,4,,95,,18,8,6,4,5,4,169,,,,27,,8,9,9,8,,95,16,12,10,,77,,,,,,,,7,4,30,,100,100,100,92,,,,,,,,,,,,,,,,,0,,46,23,,,,,,,,,9500,,,,,,,,,,,,,95
Syrian Arab Republic,104,7.6,5.3,2.9,9,94,72,3,5.7,4.6,4.1,3.6,1.8,3,,93,95,96,1,9,100,23,20766,4786,8923,2446,90,,7,,12,78,64,60,71,76,66,,,,,6,7,4,10,,,,,7,7,2.9,1,,54,,,,,,1,88,90,89,,75,77,75,46,113,36,23,14,16,15,115,43,25,65,,,70,11,5,4,79,86,47,36,22,62,466,78,99,93,96,99,1.3,1.1,30,13,26,18,86,90,93,80,,17,17,22,15,17,71,,88,10,7,9,10,9,1.5,1,,28,58,33,92,1.1,1,99,95,95,96,10,460,45,59,44,50,56,1.3,1.3,,,,,,72
Tajikistan,110,6.9,5.2,3.2,25,,96,18,,1.9,2.8,3.7,1.4,2.2,2,94,94,95,1,4,100,24,6977,1670,3052,883,97,8,12,6,7,88,49,60,63,68,96,4,11,,,11,14,,,9,13,,,,,,,,37,0.1,0.1,0.1,0.3,15,2,75,80,78,2,27,64,97,57,,114,95,56,70,63,46,25,34,45,15,99,65,10,8,6,62,98,40,39,28,23,194,90,90,86,88,95,1,1.1,89,53,,,54,64,92,98,,12,13,15,11,13,41,,89,17,13,16,15,12,1.3,1.3,18,39,45,33,89,1,0.9,86,90,88,85,10,430,52,50,78,73,70,1,0.9,,,1,,78,96
Thailand,109,5.6,2.1,1.6,8,91,,5,5.3,6.4,5,3.7,4.9,1.4,,96,96,95,1,8,99,15,69519,10192,17111,4270,99,450,10,1,5,99,80,60,73,74,98,200,490,,,46,46,47,43,,,,,47,43,0.9,0.9,,80,0.2,0.3,0.2,1.2,,3,,,,,47,84,99,50,102,35,19,11,13,12,128,15,,12,550,,48,10,5,7,47,99,38,19,12,57,824,93,100,100,100,100,1.1,1,29,11,24,8,95,96,97,98,,13,14,18,7,13,65,,99,11,3,8,7,5,3.3,1.7,100,16,65,34,99,1,1,100,99,99,100,7,1400,56,54,59,57,50,1,0.9,,,,,,99
The former Yugoslav Republic of Macedonia,106,3.1,2.1,1.4,6,,89,12,,8.4,6.5,4.8,1.9,1.9,,82,88,92,1.1,2,99,14,2064,280,445,112,98,,0,0,2,98,94,66,71,75,90,,,,,23,27,9,45,,,,,18,33,5,1.8,,40,,,,,41,5,67,71,69,,20,93,95,21,,38,16,9,11,10,135,23,13,4,,,10,8,8,9,94,95,24,17,11,71,22,98,98,98,98,98,1,1,34,9,25,16,99,100,100,98,,5,5,10,1,5,74,,99,2,0,2,1,1,,2.3,,5,74,41,99,1,1,100,100,100,100,6,6300,,,30,62,19,,0.6,,,,36,,95
Timor-Leste,103,5.9,5.3,6.1,24,81,,,,5,5.7,6.4,0.5,-0.6,42,37,47,73,2,9,91,26,1154,301,616,201,68,,2,15,19,22,55,40,46,62,67,,,,,11,12,9,16,15,20,11,35,12,14,1.8,1.2,3,22,,,,,82,9,,,,6,54,71,66,82,,180,109,51,57,54,51,52,33,560,,59,300,23,18,8,60,69,42,43,38,,44,10,69,20,29,59,6.9,2.9,135,46,2,6,60,69,91,62,,,,,,,45,,84,49,35,47,45,35,1.4,1.4,100,58,70,51,50,1.1,0.9,56,57,55,50,12,55,70,71,74,71,65,1,0.9,,,42,,,67
Togo,106,7.1,6.3,4,36,81,81,,2,1.4,1.4,1.4,0.6,2.2,57,3,13,26,8.7,17,90,23,6155,1416,2831,870,90,120,21,4,5,67,55,45,53,57,81,73,150,19,2,33,33,18,42,,42,20,55,27,39,2.3,1.4,2.7,15,2.1,0.9,1.5,3.4,44,1,93,94,93,34,,32,81,46,220,147,128,102,118,110,19,62,64,,190,22,300,20,14,11,32,95,49,42,32,38,195,28,94,43,59,91,3.4,2.1,85,73,9,2,40,61,89,67,250,41,42,45,35,41,41,0,72,21,9,20,17,10,2.5,1.9,25,30,25,14,59,1.7,1.3,97,71,78,93,11,80,8,19,10,11,15,2.5,1.5,89,4,57,39,54,81
Tonga,108,5.9,4.6,3.9,8,,99,,2.9,2.2,2.2,2.2,1.2,0.9,,96,96,98,1,,,22,105,23,46,14,99,,0,,,98,,65,70,72,99,,,,,,,,,,,,,,,,,,32,,,,,,5,,,,,16,,99,,43,25,20,13,18,15,115,,,36,,,110,7,6,6,,99,36,31,27,,3,,,,98,,,,21,13,,,100,100,100,99,,,,,,,,,98,,,,,,,,100,,37,21,,,,,,,,3,230,,,,,,,,,,,,,99
Trinidad and Tobago,110,3.5,2.4,1.6,18,,90,,1.7,1.4,1.4,1.3,1.8,1.9,,92,92,92,1,,98,14,1346,189,334,96,,12,1,,,97,,65,69,70,90,7,13,,,49,54,48,62,,,,,,,1.3,,,43,1,0.6,0.8,1.5,83,3,77,78,77,,33,74,91,41,52,37,32,24,31,28,78,13,22,,15,,46,7,7,8,28,96,27,21,15,63,20,98,100,,98,,1,,32,25,,5,93,94,98,92,,1,1,2,0,1,34,,96,,,,,,,,,,25,14,94,1,,98,,96,,19,1300,,,,,,,,,,,67,,90
Tunisia,106,6.6,3.6,2,10,96,43,9,6.3,5.5,5.5,5.5,3,2.9,,,,96,,,,16,10594,1709,3001,885,98,2,3,,3,89,68,54,69,75,98,,2,,,,,,,,,,,,,,,,60,,,,,61,3,,,,,6,59,98,87,181,51,30,15,18,16,107,6,15,,2,,56,14,6,6,97,98,39,27,17,,179,,,89,95,98,,1.1,40,14,21,9,,,99,96,,,,,,,,,96,,,,3,,,,,9,68,45,,,,,,,,5,860,,,50,55,58,,1.1,,,,,,98
Turkey,106,5.5,3,2.1,9,90,97,33,5,7.1,7.4,7.7,3,1.9,,75,90,97,1.3,8,95,18,73640,13004,23107,6489,97,4,20,0,1,90,74,50,63,74,96,2,6,,,,,,,,,,,,,,,,73,,,,,68,5,,,,,38,41,97,39,194,72,35,14,16,15,115,42,22,29,8,,20,16,8,5,69,98,39,26,18,,1289,73,100,80,91,96,1.4,1.2,60,12,37,,99,100,100,97,,,,,,,,,92,4,1,3,2,1,8.4,2.1,,12,79,57,89,1.1,1,99,92,94,95,11,2200,,,,,,,,,,,,,97
Turkmenistan,114,6.3,4.3,2.4,22,,71,,,2.8,2.8,2.8,1.9,2.9,,97,98,99,1,2,100,20,5105,1013,1785,499,98,,5,2,7,98,83,58,63,65,97,,,,,4,5,3,8,,,,,4,7,2.8,2,,48,,,,,54,1,,,,,21,83,97,60,,94,71,48,57,53,54,11,37,12,,,67,11,8,8,87,98,37,35,21,,109,99,100,99,100,100,1,1,75,45,3,,,,97,99,,,,,,,50,,99,8,2,9,8,7,3.2,1.2,,19,44,26,94,1,1,97,95,96,96,4,590,45,30,45,40,32,0.7,0.7,,,,,,97
Tuvalu,,,,,14,,96,,,2.9,3.1,3.3,,,,81,85,88,1.1,3,,,10,,4,1,99,,0,0,3,93,67,,,,96,,,,,31,39,34,39,57,61,,67,41,38,1.2,0.9,,31,,,,,40,10,,,,,28,,96,15,,58,43,27,33,30,74,35,51,0,,,,,,,,99,,,,,,99,98,,98,,1,,45,25,7,6,97,98,98,98,,,,,,,,,97,1,0,,2,,,,,10,48,30,39,1.8,1.6,71,38,50,60,6,,,,,,,,,,,,,,96
Uganda,103,7.1,7.1,6.1,28,85,82,1,0.3,2.4,3.3,4.1,0,0.8,60,34,34,34,1,33,72,24,34509,8326,19042,6638,86,1300,131,3,5,57,48,50,47,54,82,670,1400,190,9,36,39,20,47,36,39,28,47,35,48,2.3,1.4,1.6,30,5.3,2.4,3.8,7.2,75,2,,,,65,159,79,82,42,190,178,141,83,97,90,26,62,46,440,1500,60,310,16,17,12,96,91,49,50,45,,1545,43,88,52,57,89,2,1.7,106,58,5,3,68,72,95,75,2600,,,,,,47,1,93,,,15,14,7,,2.3,19,33,49,36,27,1.6,1.3,44,29,30,38,14,49,43,45,43,44,46,1.1,1.1,1100,1,43,24,31,82
Ukraine,118,2.1,1.9,1.5,5,,26,39,2.8,0.4,3.1,5.6,0.6,1.2,,89,94,96,1.1,3,100,10,45190,4638,7977,2465,90,180,5,,,99,75,71,70,68,21,94,230,,,39,45,33,45,33,43,28,42,37,48,1.4,1.3,1.5,67,0.1,0.1,0.1,0.8,86,4,65,76,70,,30,,58,41,34,19,19,9,11,10,135,18,6,16,310,,32,9,13,16,18,73,15,13,11,,494,97,99,98,99,99,1,1,17,9,10,,98,98,98,67,,10,11,15,4,10,,,99,,,,,,,,,,48,46,100,1,1,100,100,100,100,4,2200,,,,,,,,,,,63,64,50
United Arab Emirates,103,6.6,4.4,1.7,4,,94,,7.1,5.9,5.8,5.7,2,4.5,,95,98,98,1,,,12,7891,898,1590,451,98,,1,,,100,,62,72,77,94,,,,,,,,,,,,,,,,,,,,,,,,2,,,,,34,,94,,92,22,12,6,7,7,151,,,0,,,12,7,3,1,,94,37,26,13,,94,,,,100,,,,19,6,,,100,100,100,94,,,,,,,,,100,,,,,,,,,,70,46,,,,,,,,,4000,,,,,,,,,,,,,94
United Kingdom,105,2.3,1.8,1.9,3,,95,,4.1,3.3,2.8,2.3,1.2,-0.1,,100,100,100,1,,,12,62417,7442,13153,3858,,74,4,,,,,72,76,80,,29,94,,,,,,,,,,,,,,,,84,0.1,0.1,0.1,0.3,,8,,,,,25,,95,,21,9,7,5,6,5,165,,,,120,,12,12,11,9,,98,15,14,12,,761,,,,,,,,8,4,26,,100,100,100,90,,,,,,,,,,,,,,,,,,,45,23,,,,,,,,8,4600,,,,,,,,,,,,,95
United Republic of Tanzania,103,6.8,6.2,5.5,25,88,90,3,1.4,2.2,4,5.7,0.4,0.6,64,7,10,20,2.9,28,91,23,46218,10475,23690,8267,99,1500,122,4,5,50,43,47,51,58,90,760,1600,230,6,46,48,39,55,41,43,34,56,45,55,1.4,1.2,1.7,34,4,1.8,2.9,5.8,92,3,,,,59,128,71,88,49,208,158,126,65,70,68,41,50,51,450,1700,97,460,18,15,10,59,96,48,44,41,,1913,31,90,40,49,83,2.9,2,97,45,5,6,44,53,79,93,3000,,,,,,,3,88,22,9,17,16,11,2.3,1.5,23,42,57,47,4,12.7,4.6,56,10,16,44,8,38,41,38,44,44,44,0.9,1,1300,15,64,32,36,90
United States,107,2.2,1.9,2.1,4,,88,,3.6,2.8,2,1.1,0.7,-0.3,,99,100,100,1,,,13,313085,41478,75491,21629,,1000,32,0,0,,,71,75,79,91,300,1300,,,,,,,,,,,,,,,,79,0.2,0.3,0.2,0.6,,8,,,,,39,,94,,23,11,9,7,8,8,145,,,13,2000,,21,9,9,8,,98,16,16,14,,4322,,,,,,,,9,6,31,8,94,99,100,90,,,,,,,,,,,,,1,,,,,3,34,12,,,,,,,,8,2400,,,,,,,,,,,,,94
Uruguay,110,2.9,2.5,2.1,5,,95,12,4.3,3,3.8,4.6,0.7,0.9,,99,100,100,1,,,15,3380,524,912,245,99,6,1,2,2,,90,69,73,77,95,4,12,,,,,,,,,,,,,,,,78,0.2,0.4,0.3,0.6,35,5,,,,,60,,95,59,55,23,17,9,11,10,135,65,27,34,33,,29,10,10,9,,99,21,18,15,,49,,,,100,,,,20,9,34,9,100,100,100,95,,,,,,,,,96,,,,5,,,,,15,55,40,,,,,,,,9,1600,,,,,,,,,,,,,95
Uzbekistan,110,6.5,4.2,2.3,15,,99,,,2.1,2.1,2.1,2.2,2.8,,100,100,100,1,2,100,21,27760,5798,9849,2802,99,,30,1,4,97,,63,67,68,99,,,,,27,31,25,33,,,,,30,33,1.3,1.1,,65,,,,,47,2,,,,,26,68,99,67,,75,61,42,55,49,56,26,38,21,,95,28,10,7,7,53,99,36,35,21,54,589,100,100,100,100,100,1,1,62,42,,13,81,87,98,99,,5,5,6,7,5,56,,99,5,3,4,4,4,1.5,0.9,,19,35,20,100,1,1,100,100,100,100,5,1400,,,31,28,34,,1.1,,,,,,99
Vanuatu,106,6.3,4.9,3.8,7,75,,,4.9,5.2,5.1,5,1.2,1.2,68,54,57,64,1.2,,88,22,246,54,109,34,81,,0,,,80,,52,63,71,59,,,,,14,15,9,23,,,,,13,23,2.7,1.8,,38,,,,,68,3,,,78,53,,,67,72,102,39,23,12,14,13,125,40,32,86,,,110,14,8,5,23,78,42,36,29,,7,55,90,72,74,87,1.6,1.2,31,11,,5,87,90,98,52,,,,,,,,,84,12,10,11,,11,1.2,1,16,,66,43,13,3.1,1.7,41,23,26,39,10,230,,,,23,,,,,,56,,,68
Venezuela (Bolivarian Republic of),108,5.4,3.4,2.4,8,50,78,8,3.4,3.3,3.4,3.6,2.2,1.7,,,,,,,82,19,29437,5499,10215,2935,95,51,9,,5,95,,64,71,74,78,25,99,,,,,,,,,,,,,,,,,0.1,0.4,0.2,0.5,,3,,,,,101,72,78,,61,31,22,13,17,15,115,,,63,230,,92,7,5,5,,90,37,29,20,,598,95,92,,95,,1,,26,13,,6,,,,86,,,,,,,,,94,,,,4,,,,,16,51,33,87,1.1,,95,,92,,8,410,39,55,,38,,1.4,,,,,,,78
Viet Nam,105,7.4,3.6,1.8,12,87,95,2,,3.9,4,4.1,3.6,3.3,10,68,76,94,1.4,3,99,17,88792,15251,25532,7202,98,200,32,2,4,92,60,48,66,75,95,48,250,,,51,51,38,68,,,,,48,58,1.8,1.2,,78,0.2,0.3,0.2,0.5,50,3,71,76,74,1,35,73,96,40,,50,34,19,25,22,87,17,19,69,330,99,59,18,8,5,45,97,41,30,16,61,1458,72,99,91,93,99,1.4,1.1,36,17,20,,93,95,99,96,,9,10,17,4,9,68,,94,21,3,14,12,6,6.6,2.3,30,23,57,36,87,1.1,1,98,94,95,97,5,870,,,46,47,47,,1,,,9,,,95
Western and Central Africa,104,6.6,6.5,5.3,39,72,44,1,1.4,1.2,1.9,2.6,0.1,1,49,20,26,35,1.8,27,90,23,422564,96530,210616,70843,73,5700,2096,8,12,52,47,42,48,53,63,3200,6300,850,22,19,21,10,30,28,33,17,38,16,29,3,1.8,2.2,17,1.8,0.7,1.3,2.6,65,,,,,42,121,44,72,41,259,197,175,126,138,132,,25,43,,6800,83,570,22,18,13,,71,47,45,39,35,16712,28,88,46,55,78,3.1,1.7,116,83,4,9,47,62,82,69,26300,43,43,47,34,43,33,23,74,31,11,26,23,16,2.7,1.7,17,39,33,24,26,2.5,1.6,65,36,42,57,12,32,21,42,23,27,35,2,1.5,4500,34,36,30,56,62
World,106,4.7,3.2,2.4,22,82,43,9,2.4,1.8,2.5,3.2,1.9,1.3,,47,63,79,1.7,20,,17,6934761,1199890,2207145,638681,88,31400,6914,10,8,61,50,59,65,69,75,15000,34000,3400,,19,21,,,,,,,18,,,,,55,0.5,0.3,0.4,0.8,60,6,,,,19,43,60,84,42,141,87,73,50,53,51,,39,58,,35900,75,210,12,9,8,76,89,33,26,19,,135056,31,85,53,66,84,2.7,1.6,61,37,16,7,81,89,96,84,151000,,,,,,31,,81,39,14,28,16,15,2.7,1.9,84,26,41,29,32,2.1,1.6,68,41,51,65,15,180,29,44,33,35,40,1.5,1.2,17300,,,,,83
Yemen,105,7.5,8.7,5.1,32,66,81,2,4.2,2.4,2.4,2.4,-0.7,2.5,,34,53,93,2.7,,73,25,24800,6073,12687,4179,59,19,70,19,15,24,14,40,56,65,81,9,22,,41,2,2,0,4,,,,,1,4,,6.7,,28,0.1,0.1,0.1,0.2,76,2,95,95,95,,80,44,81,30,293,126,99,73,80,77,36,12,,370,25,9,200,24,12,6,30,89,51,52,38,37,940,17,74,26,36,62,4.3,2.3,89,57,9,5,47,55,72,71,,33,36,46,22,34,38,20,47,,,,43,,,,13,58,39,23,5,9.3,2.3,50,16,22,38,,90,31,37,34,33,30,1.2,0.9,,23,,,,81
Zambia,102,7.4,6.5,6.3,27,81,81,1,-0.4,2.3,4,5.6,0.7,0.1,64,43,48,57,1.3,34,87,24,13475,3176,7169,2509,88,900,46,3,5,48,60,49,47,49,81,460,970,170,,36,38,24,48,38,41,24,51,27,42,2,1.6,2.1,41,7,3.1,5,12.5,94,4,,,,34,151,68,83,57,179,193,154,80,86,83,31,61,42,590,1100,72,440,17,17,15,77,87,49,44,46,,622,27,91,31,47,83,3.4,2.7,114,53,3,8,46,61,87,83,1200,,,,,,47,,94,16,11,15,15,13,1.5,1.2,19,45,57,46,5,5.8,3.2,31,9,14,28,11,37,61,61,60,60,59,1,1,680,1,50,42,43,81
Zimbabwe,97,7.4,5.2,3.2,30,66,93,,2,-2.9,0.8,4.1,1.8,2.3,29,32,40,52,1.6,21,79,25,12754,3196,5841,1706,98,1200,24,2,3,65,65,55,61,51,93,600,1200,200,,46,52,31,52,42,47,37,51,47,59,1.7,1.3,1.4,59,,,,,86,,,,,2,,48,99,69,119,79,106,61,73,67,43,31,20,960,1300,56,570,13,9,13,94,99,48,37,29,,377,48,91,58,66,86,1.9,1.5,53,43,5,6,69,80,98,92,1300,,,,,,31,,90,,,10,10,8,,1.3,,32,15,37,35,2.1,1.5,75,43,49,65,11,52,18,28,18,21,26,1.6,1.4,1000,,10,39,51,99
