Country or Area,Subgroup,Year,Source,Unit,Net enrolment ratio in primary education (NER),Net enrolment ratio in primary education (NER) Footnotes
Albania,Male,2008-2011,UN_UNESCO Institute for Statistics (UIS),Percent,80.0,1.0
Albania,Female,2008-2011,UN_UNESCO Institute for Statistics (UIS),Percent,80.0,1.0
Albania,Total,2008-2011,UN_UNESCO Institute for Statistics (UIS),Percent,80.0,1.0
Algeria,Male,2008-2011,UN_UNESCO Institute for Statistics (UIS),Percent,98.0,1.0
Algeria,Female,2008-2011,UN_UNESCO Institute for Statistics (UIS),Percent,96.0,1.0
Algeria,Total,2008-2011,UN_UNESCO Institute for Statistics (UIS),Percent,97.0,1.0
Andorra,Male,2008-2011,UN_UNESCO Institute for Statistics (UIS),Percent,78.0,1.0
Andorra,Female,2008-2011,UN_UNESCO Institute for Statistics (UIS),Percent,79.0,1.0
Andorra,Total,2008-2011,UN_UNESCO Institute for Statistics (UIS),Percent,79.0,1.0
Angola,Male,2008-2011,UN_UNESCO Institute for Statistics (UIS),Percent,93.0,1.0
Angola,Female,2008-2011,UN_UNESCO Institute for Statistics (UIS),Percent,78.0,1.0
Angola,Total,2008-2011,UN_UNESCO Institute for Statistics (UIS),Percent,86.0,1.0
Antigua and Barbuda,Male,2008-2011,UN_UNESCO Institute for Statistics (UIS),Percent,91.0,1.0
Antigua and Barbuda,Female,2008-2011,UN_UNESCO Institute for Statistics (UIS),Percent,84.0,1.0
Antigua and Barbuda,Total,2008-2011,UN_UNESCO Institute for Statistics (UIS),Percent,88.0,1.0
Australia,Male,2008-2011,UN_UNESCO Institute for Statistics (UIS),Percent,97.0,1.0
Australia,Female,2008-2011,UN_UNESCO Institute for Statistics (UIS),Percent,98.0,1.0
Australia,Total,2008-2011,UN_UNESCO Institute for Statistics (UIS),Percent,97.0,1.0
Azerbaijan,Male,2008-2011,UN_UNESCO Institute for Statistics (UIS),Percent,85.0,1.0
Azerbaijan,Female,2008-2011,UN_UNESCO Institute for Statistics (UIS),Percent,84.0,1.0
Azerbaijan,Total,2008-2011,UN_UNESCO Institute for Statistics (UIS),Percent,85.0,1.0
Bahamas,Total,2008-2011,UN_UNESCO Institute for Statistics (UIS),Percent,98.0,1.0
Barbados,Total,2008-2011,UN_UNESCO Institute for Statistics (UIS),Percent,95.0,1.0
Belarus,Total,2008-2011,UN_UNESCO Institute for Statistics (UIS),Percent,92.0,1.0
Belgium,Male,2008-2011,UN_UNESCO Institute for Statistics (UIS),Percent,99.0,1.0
Belgium,Female,2008-2011,UN_UNESCO Institute for Statistics (UIS),Percent,99.0,1.0
Belgium,Total,2008-2011,UN_UNESCO Institute for Statistics (UIS),Percent,99.0,1.0
Belize,Total,2008-2011,UN_UNESCO Institute for Statistics (UIS),Percent,97.0,1.0
Benin,Total,2008-2011,UN_UNESCO Institute for Statistics (UIS),Percent,94.0,1.0
Bhutan,Male,2008-2011,UN_UNESCO Institute for Statistics (UIS),Percent,88.0,1.0
Bhutan,Female,2008-2011,UN_UNESCO Institute for Statistics (UIS),Percent,91.0,1.0
Bhutan,Total,2008-2011,UN_UNESCO Institute for Statistics (UIS),Percent,90.0,1.0
Bosnia and Herzegovina,Male,2008-2011,UN_UNESCO Institute for Statistics (UIS),Percent,86.0,1.0
Bosnia and Herzegovina,Female,2008-2011,UN_UNESCO Institute for Statistics (UIS),Percent,88.0,1.0
Bosnia and Herzegovina,Total,2008-2011,UN_UNESCO Institute for Statistics (UIS),Percent,87.0,1.0
Botswana,Male,2008-2011,UN_UNESCO Institute for Statistics (UIS),Percent,87.0,1.0
Botswana,Female,2008-2011,UN_UNESCO Institute for Statistics (UIS),Percent,88.0,1.0
Botswana,Total,2008-2011,UN_UNESCO Institute for Statistics (UIS),Percent,87.0,1.0
Bulgaria,Male,2008-2011,UN_UNESCO Institute for Statistics (UIS),Percent,99.0,1.0
Bulgaria,Female,2008-2011,UN_UNESCO Institute for Statistics (UIS),Percent,100.0,1.0
Bulgaria,Total,2008-2011,UN_UNESCO Institute for Statistics (UIS),Percent,100.0,1.0
Burkina Faso,Male,2008-2011,UN_UNESCO Institute for Statistics (UIS),Percent,61.0,1.0
Burkina Faso,Female,2008-2011,UN_UNESCO Institute for Statistics (UIS),Percent,56.0,1.0
Burkina Faso,Total,2008-2011,UN_UNESCO Institute for Statistics (UIS),Percent,58.0,1.0
Cambodia,Male,2008-2011,UN_UNESCO Institute for Statistics (UIS),Percent,96.0,1.0
Cambodia,Female,2008-2011,UN_UNESCO Institute for Statistics (UIS),Percent,95.0,1.0
Cambodia,Total,2008-2011,UN_UNESCO Institute for Statistics (UIS),Percent,96.0,1.0
Cameroon,Total,2008-2011,UN_UNESCO Institute for Statistics (UIS),Percent,94.0,1.0
Cape Verde,Male,2008-2011,UN_UNESCO Institute for Statistics (UIS),Percent,95.0,1.0
Cape Verde,Female,2008-2011,UN_UNESCO Institute for Statistics (UIS),Percent,92.0,1.0
Cape Verde,Total,2008-2011,UN_UNESCO Institute for Statistics (UIS),Percent,93.0,1.0
CEE/CIS,Male,2008-2011,UN_UNESCO Institute for Statistics (UIS),Percent,95.0,2.0
CEE/CIS,Female,2008-2011,UN_UNESCO Institute for Statistics (UIS),Percent,95.0,2.0
CEE/CIS,Total,2008-2011,UN_UNESCO Institute for Statistics (UIS),Percent,95.0,2.0
Central African Republic,Male,2008-2011,UN_UNESCO Institute for Statistics (UIS),Percent,81.0,1.0
Central African Republic,Female,2008-2011,UN_UNESCO Institute for Statistics (UIS),Percent,61.0,1.0
Central African Republic,Total,2008-2011,UN_UNESCO Institute for Statistics (UIS),Percent,71.0,1.0
Chile,Male,2008-2011,UN_UNESCO Institute for Statistics (UIS),Percent,94.0,1.0
Chile,Female,2008-2011,UN_UNESCO Institute for Statistics (UIS),Percent,94.0,1.0
Chile,Total,2008-2011,UN_UNESCO Institute for Statistics (UIS),Percent,94.0,1.0
China,Male,2008-2011,UN_UNESCO Institute for Statistics (UIS),Percent,100.0,3.0
China,Female,2008-2011,UN_UNESCO Institute for Statistics (UIS),Percent,100.0,3.0
China,Total,2008-2011,UN_UNESCO Institute for Statistics (UIS),Percent,100.0,4.0
Colombia,Male,2008-2011,UN_UNESCO Institute for Statistics (UIS),Percent,92.0,1.0
Colombia,Female,2008-2011,UN_UNESCO Institute for Statistics (UIS),Percent,91.0,1.0
Colombia,Total,2008-2011,UN_UNESCO Institute for Statistics (UIS),Percent,92.0,1.0
Congo,Male,2008-2011,UN_UNESCO Institute for Statistics (UIS),Percent,92.0,1.0
Congo,Female,2008-2011,UN_UNESCO Institute for Statistics (UIS),Percent,89.0,1.0
Congo,Total,2008-2011,UN_UNESCO Institute for Statistics (UIS),Percent,91.0,1.0
Cook Islands,Male,2008-2011,UN_UNESCO Institute for Statistics (UIS),Percent,98.0,1.0
Cook Islands,Female,2008-2011,UN_UNESCO Institute for Statistics (UIS),Percent,99.0,1.0
Cook Islands,Total,2008-2011,UN_UNESCO Institute for Statistics (UIS),Percent,98.0,1.0
Côte d'Ivoire,Male,2008-2011,UN_UNESCO Institute for Statistics (UIS),Percent,67.0,1.0
Côte d'Ivoire,Female,2008-2011,UN_UNESCO Institute for Statistics (UIS),Percent,56.0,1.0
Côte d'Ivoire,Total,2008-2011,UN_UNESCO Institute for Statistics (UIS),Percent,61.0,1.0
Croatia,Male,2008-2011,UN_UNESCO Institute for Statistics (UIS),Percent,95.0,1.0
Croatia,Female,2008-2011,UN_UNESCO Institute for Statistics (UIS),Percent,97.0,1.0
Croatia,Total,2008-2011,UN_UNESCO Institute for Statistics (UIS),Percent,96.0,1.0
Cuba,Male,2008-2011,UN_UNESCO Institute for Statistics (UIS),Percent,100.0,1.0
Cuba,Female,2008-2011,UN_UNESCO Institute for Statistics (UIS),Percent,100.0,1.0
Cuba,Total,2008-2011,UN_UNESCO Institute for Statistics (UIS),Percent,100.0,1.0
Cyprus,Male,2008-2011,UN_UNESCO Institute for Statistics (UIS),Percent,99.0,1.0
Cyprus,Female,2008-2011,UN_UNESCO Institute for Statistics (UIS),Percent,99.0,1.0
Cyprus,Total,2008-2011,UN_UNESCO Institute for Statistics (UIS),Percent,99.0,1.0
Denmark,Male,2008-2011,UN_UNESCO Institute for Statistics (UIS),Percent,95.0,1.0
Denmark,Female,2008-2011,UN_UNESCO Institute for Statistics (UIS),Percent,97.0,1.0
Denmark,Total,2008-2011,UN_UNESCO Institute for Statistics (UIS),Percent,96.0,1.0
Djibouti,Male,2008-2011,UN_UNESCO Institute for Statistics (UIS),Percent,47.0,1.0
Djibouti,Female,2008-2011,UN_UNESCO Institute for Statistics (UIS),Percent,42.0,1.0
Djibouti,Total,2008-2011,UN_UNESCO Institute for Statistics (UIS),Percent,45.0,1.0
Dominica,Total,2008-2011,UN_UNESCO Institute for Statistics (UIS),Percent,98.0,1.0
Dominican Republic,Male,2008-2011,UN_UNESCO Institute for Statistics (UIS),Percent,96.0,1.0
Dominican Republic,Female,2008-2011,UN_UNESCO Institute for Statistics (UIS),Percent,90.0,1.0
Dominican Republic,Total,2008-2011,UN_UNESCO Institute for Statistics (UIS),Percent,93.0,1.0
East Asia and Pacific,Male,2008-2011,UN_UNESCO Institute for Statistics (UIS),Percent,96.0,2.0
East Asia and Pacific,Female,2008-2011,UN_UNESCO Institute for Statistics (UIS),Percent,96.0,2.0
East Asia and Pacific,Total,2008-2011,UN_UNESCO Institute for Statistics (UIS),Percent,96.0,2.0
Eastern and Southern Africa,Male,2008-2011,UN_UNESCO Institute for Statistics (UIS),Percent,88.0,2.0
Eastern and Southern Africa,Female,2008-2011,UN_UNESCO Institute for Statistics (UIS),Percent,85.0,2.0
Eastern and Southern Africa,Total,2008-2011,UN_UNESCO Institute for Statistics (UIS),Percent,86.0,2.0
Ecuador,Total,2008-2011,UN_UNESCO Institute for Statistics (UIS),Percent,98.0,1.0
Egypt,Total,2008-2011,UN_UNESCO Institute for Statistics (UIS),Percent,96.0,1.0
El Salvador,Male,2008-2011,UN_UNESCO Institute for Statistics (UIS),Percent,95.0,1.0
El Salvador,Female,2008-2011,UN_UNESCO Institute for Statistics (UIS),Percent,95.0,1.0
El Salvador,Total,2008-2011,UN_UNESCO Institute for Statistics (UIS),Percent,95.0,1.0
Equatorial Guinea,Male,2008-2011,UN_UNESCO Institute for Statistics (UIS),Percent,57.0,1.0
Equatorial Guinea,Female,2008-2011,UN_UNESCO Institute for Statistics (UIS),Percent,56.0,1.0
Equatorial Guinea,Total,2008-2011,UN_UNESCO Institute for Statistics (UIS),Percent,56.0,1.0
Eritrea,Male,2008-2011,UN_UNESCO Institute for Statistics (UIS),Percent,37.0,1.0
Eritrea,Female,2008-2011,UN_UNESCO Institute for Statistics (UIS),Percent,33.0,1.0
Eritrea,Total,2008-2011,UN_UNESCO Institute for Statistics (UIS),Percent,35.0,1.0
Estonia,Male,2008-2011,UN_UNESCO Institute for Statistics (UIS),Percent,96.0,1.0
Estonia,Female,2008-2011,UN_UNESCO Institute for Statistics (UIS),Percent,96.0,1.0
Estonia,Total,2008-2011,UN_UNESCO Institute for Statistics (UIS),Percent,96.0,1.0
Ethiopia,Male,2008-2011,UN_UNESCO Institute for Statistics (UIS),Percent,85.0,1.0
Ethiopia,Female,2008-2011,UN_UNESCO Institute for Statistics (UIS),Percent,80.0,1.0
Ethiopia,Total,2008-2011,UN_UNESCO Institute for Statistics (UIS),Percent,82.0,1.0
Fiji,Male,2008-2011,UN_UNESCO Institute for Statistics (UIS),Percent,99.0,1.0
Fiji,Female,2008-2011,UN_UNESCO Institute for Statistics (UIS),Percent,99.0,1.0
Fiji,Total,2008-2011,UN_UNESCO Institute for Statistics (UIS),Percent,99.0,1.0
Finland,Male,2008-2011,UN_UNESCO Institute for Statistics (UIS),Percent,98.0,1.0
Finland,Female,2008-2011,UN_UNESCO Institute for Statistics (UIS),Percent,98.0,1.0
Finland,Total,2008-2011,UN_UNESCO Institute for Statistics (UIS),Percent,98.0,1.0
France,Male,2008-2011,UN_UNESCO Institute for Statistics (UIS),Percent,99.0,1.0
France,Female,2008-2011,UN_UNESCO Institute for Statistics (UIS),Percent,99.0,1.0
France,Total,2008-2011,UN_UNESCO Institute for Statistics (UIS),Percent,99.0,1.0
Gambia,Male,2008-2011,UN_UNESCO Institute for Statistics (UIS),Percent,68.0,1.0
Gambia,Female,2008-2011,UN_UNESCO Institute for Statistics (UIS),Percent,70.0,1.0
Gambia,Total,2008-2011,UN_UNESCO Institute for Statistics (UIS),Percent,69.0,1.0
Georgia,Total,2008-2011,UN_UNESCO Institute for Statistics (UIS),Percent,100.0,1.0
Germany,Total,2008-2011,UN_UNESCO Institute for Statistics (UIS),Percent,100.0,1.0
Ghana,Male,2008-2011,UN_UNESCO Institute for Statistics (UIS),Percent,84.0,1.0
Ghana,Female,2008-2011,UN_UNESCO Institute for Statistics (UIS),Percent,85.0,1.0
Ghana,Total,2008-2011,UN_UNESCO Institute for Statistics (UIS),Percent,84.0,1.0
Grenada,Male,2008-2011,UN_UNESCO Institute for Statistics (UIS),Percent,96.0,1.0
Grenada,Female,2008-2011,UN_UNESCO Institute for Statistics (UIS),Percent,99.0,1.0
Grenada,Total,2008-2011,UN_UNESCO Institute for Statistics (UIS),Percent,97.0,1.0
Guatemala,Male,2008-2011,UN_UNESCO Institute for Statistics (UIS),Percent,100.0,1.0
Guatemala,Female,2008-2011,UN_UNESCO Institute for Statistics (UIS),Percent,98.0,1.0
Guatemala,Total,2008-2011,UN_UNESCO Institute for Statistics (UIS),Percent,99.0,1.0
Guinea,Male,2008-2011,UN_UNESCO Institute for Statistics (UIS),Percent,83.0,1.0
Guinea,Female,2008-2011,UN_UNESCO Institute for Statistics (UIS),Percent,70.0,1.0
Guinea,Total,2008-2011,UN_UNESCO Institute for Statistics (UIS),Percent,77.0,1.0
Guinea-Bissau,Male,2008-2011,UN_UNESCO Institute for Statistics (UIS),Percent,77.0,1.0
Guinea-Bissau,Female,2008-2011,UN_UNESCO Institute for Statistics (UIS),Percent,73.0,1.0
Guinea-Bissau,Total,2008-2011,UN_UNESCO Institute for Statistics (UIS),Percent,75.0,1.0
Guyana,Male,2008-2011,UN_UNESCO Institute for Statistics (UIS),Percent,82.0,1.0
Guyana,Female,2008-2011,UN_UNESCO Institute for Statistics (UIS),Percent,86.0,1.0
Guyana,Total,2008-2011,UN_UNESCO Institute for Statistics (UIS),Percent,84.0,1.0
Honduras,Male,2008-2011,UN_UNESCO Institute for Statistics (UIS),Percent,95.0,1.0
Honduras,Female,2008-2011,UN_UNESCO Institute for Statistics (UIS),Percent,97.0,1.0
Honduras,Total,2008-2011,UN_UNESCO Institute for Statistics (UIS),Percent,96.0,1.0
Hungary,Male,2008-2011,UN_UNESCO Institute for Statistics (UIS),Percent,98.0,1.0
Hungary,Female,2008-2011,UN_UNESCO Institute for Statistics (UIS),Percent,98.0,1.0
Hungary,Total,2008-2011,UN_UNESCO Institute for Statistics (UIS),Percent,98.0,1.0
Iceland,Male,2008-2011,UN_UNESCO Institute for Statistics (UIS),Percent,99.0,1.0
Iceland,Female,2008-2011,UN_UNESCO Institute for Statistics (UIS),Percent,100.0,1.0
Iceland,Total,2008-2011,UN_UNESCO Institute for Statistics (UIS),Percent,99.0,1.0
India,Male,2008-2011,UN_UNESCO Institute for Statistics (UIS),Percent,99.0,1.0
India,Female,2008-2011,UN_UNESCO Institute for Statistics (UIS),Percent,98.0,1.0
India,Total,2008-2011,UN_UNESCO Institute for Statistics (UIS),Percent,98.0,1.0
Indonesia,Total,2008-2011,UN_UNESCO Institute for Statistics (UIS),Percent,99.0,1.0
Ireland,Male,2008-2011,UN_UNESCO Institute for Statistics (UIS),Percent,99.0,1.0
Ireland,Female,2008-2011,UN_UNESCO Institute for Statistics (UIS),Percent,100.0,1.0
Ireland,Total,2008-2011,UN_UNESCO Institute for Statistics (UIS),Percent,100.0,1.0
Israel,Male,2008-2011,UN_UNESCO Institute for Statistics (UIS),Percent,97.0,1.0
Israel,Female,2008-2011,UN_UNESCO Institute for Statistics (UIS),Percent,97.0,1.0
Israel,Total,2008-2011,UN_UNESCO Institute for Statistics (UIS),Percent,97.0,1.0
Italy,Male,2008-2011,UN_UNESCO Institute for Statistics (UIS),Percent,100.0,1.0
Italy,Female,2008-2011,UN_UNESCO Institute for Statistics (UIS),Percent,99.0,1.0
Italy,Total,2008-2011,UN_UNESCO Institute for Statistics (UIS),Percent,99.0,1.0
Jamaica,Male,2008-2011,UN_UNESCO Institute for Statistics (UIS),Percent,83.0,1.0
Jamaica,Female,2008-2011,UN_UNESCO Institute for Statistics (UIS),Percent,81.0,1.0
Jamaica,Total,2008-2011,UN_UNESCO Institute for Statistics (UIS),Percent,82.0,1.0
Japan,Total,2008-2011,UN_UNESCO Institute for Statistics (UIS),Percent,100.0,1.0
Jordan,Male,2008-2011,UN_UNESCO Institute for Statistics (UIS),Percent,91.0,1.0
Jordan,Female,2008-2011,UN_UNESCO Institute for Statistics (UIS),Percent,91.0,1.0
Jordan,Total,2008-2011,UN_UNESCO Institute for Statistics (UIS),Percent,91.0,1.0
Kazakhstan,Total,2008-2011,UN_UNESCO Institute for Statistics (UIS),Percent,100.0,1.0
Kenya,Male,2008-2011,UN_UNESCO Institute for Statistics (UIS),Percent,84.0,1.0
Kenya,Female,2008-2011,UN_UNESCO Institute for Statistics (UIS),Percent,85.0,1.0
Kenya,Total,2008-2011,UN_UNESCO Institute for Statistics (UIS),Percent,84.0,1.0
Kuwait,Male,2008-2011,UN_UNESCO Institute for Statistics (UIS),Percent,97.0,1.0
Kuwait,Female,2008-2011,UN_UNESCO Institute for Statistics (UIS),Percent,100.0,1.0
Kuwait,Total,2008-2011,UN_UNESCO Institute for Statistics (UIS),Percent,98.0,1.0
Kyrgyzstan,Male,2008-2011,UN_UNESCO Institute for Statistics (UIS),Percent,95.0,1.0
Kyrgyzstan,Female,2008-2011,UN_UNESCO Institute for Statistics (UIS),Percent,95.0,1.0
Kyrgyzstan,Total,2008-2011,UN_UNESCO Institute for Statistics (UIS),Percent,95.0,1.0
Lao People's Democratic Republic,Male,2008-2011,UN_UNESCO Institute for Statistics (UIS),Percent,98.0,1.0
Lao People's Democratic Republic,Female,2008-2011,UN_UNESCO Institute for Statistics (UIS),Percent,95.0,1.0
Lao People's Democratic Republic,Total,2008-2011,UN_UNESCO Institute for Statistics (UIS),Percent,97.0,1.0
Latin America and Caribbean,Male,2008-2011,UN_UNESCO Institute for Statistics (UIS),Percent,96.0,2.0
Latin America and Caribbean,Female,2008-2011,UN_UNESCO Institute for Statistics (UIS),Percent,95.0,2.0
Latin America and Caribbean,Total,2008-2011,UN_UNESCO Institute for Statistics (UIS),Percent,95.0,2.0
Latvia,Male,2008-2011,UN_UNESCO Institute for Statistics (UIS),Percent,95.0,1.0
Latvia,Female,2008-2011,UN_UNESCO Institute for Statistics (UIS),Percent,97.0,1.0
Latvia,Total,2008-2011,UN_UNESCO Institute for Statistics (UIS),Percent,96.0,1.0
Least Developed Countries/Territories,Male,2008-2011,UN_UNESCO Institute for Statistics (UIS),Percent,82.0,2.0
Least Developed Countries/Territories,Female,2008-2011,UN_UNESCO Institute for Statistics (UIS),Percent,78.0,2.0
Least Developed Countries/Territories,Total,2008-2011,UN_UNESCO Institute for Statistics (UIS),Percent,80.0,2.0
Lebanon,Male,2008-2011,UN_UNESCO Institute for Statistics (UIS),Percent,94.0,1.0
Lebanon,Female,2008-2011,UN_UNESCO Institute for Statistics (UIS),Percent,93.0,1.0
Lebanon,Total,2008-2011,UN_UNESCO Institute for Statistics (UIS),Percent,93.0,1.0
Lesotho,Male,2008-2011,UN_UNESCO Institute for Statistics (UIS),Percent,72.0,1.0
Lesotho,Female,2008-2011,UN_UNESCO Institute for Statistics (UIS),Percent,75.0,1.0
Lesotho,Total,2008-2011,UN_UNESCO Institute for Statistics (UIS),Percent,74.0,1.0
Liechtenstein,Male,2008-2011,UN_UNESCO Institute for Statistics (UIS),Percent,100.0,1.0
Liechtenstein,Female,2008-2011,UN_UNESCO Institute for Statistics (UIS),Percent,98.0,1.0
Liechtenstein,Total,2008-2011,UN_UNESCO Institute for Statistics (UIS),Percent,99.0,1.0
Lithuania,Male,2008-2011,UN_UNESCO Institute for Statistics (UIS),Percent,96.0,1.0
Lithuania,Female,2008-2011,UN_UNESCO Institute for Statistics (UIS),Percent,96.0,1.0
Lithuania,Total,2008-2011,UN_UNESCO Institute for Statistics (UIS),Percent,96.0,1.0
Luxembourg,Male,2008-2011,UN_UNESCO Institute for Statistics (UIS),Percent,96.0,1.0
Luxembourg,Female,2008-2011,UN_UNESCO Institute for Statistics (UIS),Percent,98.0,1.0
Luxembourg,Total,2008-2011,UN_UNESCO Institute for Statistics (UIS),Percent,97.0,1.0
Malawi,Total,2008-2011,UN_UNESCO Institute for Statistics (UIS),Percent,97.0,1.0
Maldives,Male,2008-2011,UN_UNESCO Institute for Statistics (UIS),Percent,97.0,1.0
Maldives,Female,2008-2011,UN_UNESCO Institute for Statistics (UIS),Percent,97.0,1.0
Maldives,Total,2008-2011,UN_UNESCO Institute for Statistics (UIS),Percent,97.0,1.0
Mali,Male,2008-2011,UN_UNESCO Institute for Statistics (UIS),Percent,71.0,1.0
Mali,Female,2008-2011,UN_UNESCO Institute for Statistics (UIS),Percent,61.0,1.0
Mali,Total,2008-2011,UN_UNESCO Institute for Statistics (UIS),Percent,66.0,1.0
Malta,Male,2008-2011,UN_UNESCO Institute for Statistics (UIS),Percent,93.0,1.0
Malta,Female,2008-2011,UN_UNESCO Institute for Statistics (UIS),Percent,94.0,1.0
Malta,Total,2008-2011,UN_UNESCO Institute for Statistics (UIS),Percent,94.0,1.0
Marshall Islands,Total,2008-2011,UN_UNESCO Institute for Statistics (UIS),Percent,99.0,1.0
Mauritania,Male,2008-2011,UN_UNESCO Institute for Statistics (UIS),Percent,73.0,1.0
Mauritania,Female,2008-2011,UN_UNESCO Institute for Statistics (UIS),Percent,76.0,1.0
Mauritania,Total,2008-2011,UN_UNESCO Institute for Statistics (UIS),Percent,74.0,1.0
Mauritius,Male,2008-2011,UN_UNESCO Institute for Statistics (UIS),Percent,92.0,1.0
Mauritius,Female,2008-2011,UN_UNESCO Institute for Statistics (UIS),Percent,94.0,1.0
Mauritius,Total,2008-2011,UN_UNESCO Institute for Statistics (UIS),Percent,93.0,1.0
Mexico,Male,2008-2011,UN_UNESCO Institute for Statistics (UIS),Percent,99.0,1.0
Mexico,Female,2008-2011,UN_UNESCO Institute for Statistics (UIS),Percent,100.0,1.0
Mexico,Total,2008-2011,UN_UNESCO Institute for Statistics (UIS),Percent,100.0,1.0
Middle East and North Africa,Male,2008-2011,UN_UNESCO Institute for Statistics (UIS),Percent,92.0,2.0
Middle East and North Africa,Female,2008-2011,UN_UNESCO Institute for Statistics (UIS),Percent,87.0,2.0
Middle East and North Africa,Total,2008-2011,UN_UNESCO Institute for Statistics (UIS),Percent,90.0,2.0
Mongolia,Male,2008-2011,UN_UNESCO Institute for Statistics (UIS),Percent,100.0,1.0
Mongolia,Female,2008-2011,UN_UNESCO Institute for Statistics (UIS),Percent,99.0,1.0
Mongolia,Total,2008-2011,UN_UNESCO Institute for Statistics (UIS),Percent,99.0,1.0
Montenegro,Total,2008-2011,UN_UNESCO Institute for Statistics (UIS),Percent,83.0,1.0
Morocco,Male,2008-2011,UN_UNESCO Institute for Statistics (UIS),Percent,95.0,1.0
Morocco,Female,2008-2011,UN_UNESCO Institute for Statistics (UIS),Percent,93.0,1.0
Morocco,Total,2008-2011,UN_UNESCO Institute for Statistics (UIS),Percent,94.0,1.0
Mozambique,Male,2008-2011,UN_UNESCO Institute for Statistics (UIS),Percent,95.0,1.0
Mozambique,Female,2008-2011,UN_UNESCO Institute for Statistics (UIS),Percent,89.0,1.0
Mozambique,Total,2008-2011,UN_UNESCO Institute for Statistics (UIS),Percent,92.0,1.0
Namibia,Male,2008-2011,UN_UNESCO Institute for Statistics (UIS),Percent,84.0,1.0
Namibia,Female,2008-2011,UN_UNESCO Institute for Statistics (UIS),Percent,89.0,1.0
Namibia,Total,2008-2011,UN_UNESCO Institute for Statistics (UIS),Percent,86.0,1.0
Netherlands,Total,2008-2011,UN_UNESCO Institute for Statistics (UIS),Percent,100.0,1.0
New Zealand,Male,2008-2011,UN_UNESCO Institute for Statistics (UIS),Percent,99.0,1.0
New Zealand,Female,2008-2011,UN_UNESCO Institute for Statistics (UIS),Percent,100.0,1.0
New Zealand,Total,2008-2011,UN_UNESCO Institute for Statistics (UIS),Percent,99.0,1.0
Nicaragua,Male,2008-2011,UN_UNESCO Institute for Statistics (UIS),Percent,93.0,1.0
Nicaragua,Female,2008-2011,UN_UNESCO Institute for Statistics (UIS),Percent,95.0,1.0
Nicaragua,Total,2008-2011,UN_UNESCO Institute for Statistics (UIS),Percent,94.0,1.0
Niger,Male,2008-2011,UN_UNESCO Institute for Statistics (UIS),Percent,64.0,1.0
Niger,Female,2008-2011,UN_UNESCO Institute for Statistics (UIS),Percent,52.0,1.0
Niger,Total,2008-2011,UN_UNESCO Institute for Statistics (UIS),Percent,58.0,1.0
Nigeria,Male,2008-2011,UN_UNESCO Institute for Statistics (UIS),Percent,60.0,1.0
Nigeria,Female,2008-2011,UN_UNESCO Institute for Statistics (UIS),Percent,55.0,1.0
Nigeria,Total,2008-2011,UN_UNESCO Institute for Statistics (UIS),Percent,58.0,1.0
Norway,Male,2008-2011,UN_UNESCO Institute for Statistics (UIS),Percent,99.0,1.0
Norway,Female,2008-2011,UN_UNESCO Institute for Statistics (UIS),Percent,99.0,1.0
Norway,Total,2008-2011,UN_UNESCO Institute for Statistics (UIS),Percent,99.0,1.0
Oman,Male,2008-2011,UN_UNESCO Institute for Statistics (UIS),Percent,100.0,1.0
Oman,Female,2008-2011,UN_UNESCO Institute for Statistics (UIS),Percent,97.0,1.0
Oman,Total,2008-2011,UN_UNESCO Institute for Statistics (UIS),Percent,98.0,1.0
Pakistan,Male,2008-2011,UN_UNESCO Institute for Statistics (UIS),Percent,81.0,1.0
Pakistan,Female,2008-2011,UN_UNESCO Institute for Statistics (UIS),Percent,67.0,1.0
Pakistan,Total,2008-2011,UN_UNESCO Institute for Statistics (UIS),Percent,74.0,1.0
Panama,Male,2008-2011,UN_UNESCO Institute for Statistics (UIS),Percent,99.0,1.0
Panama,Female,2008-2011,UN_UNESCO Institute for Statistics (UIS),Percent,98.0,1.0
Panama,Total,2008-2011,UN_UNESCO Institute for Statistics (UIS),Percent,99.0,1.0
Paraguay,Male,2008-2011,UN_UNESCO Institute for Statistics (UIS),Percent,86.0,1.0
Paraguay,Female,2008-2011,UN_UNESCO Institute for Statistics (UIS),Percent,86.0,1.0
Paraguay,Total,2008-2011,UN_UNESCO Institute for Statistics (UIS),Percent,86.0,1.0
Peru,Male,2008-2011,UN_UNESCO Institute for Statistics (UIS),Percent,98.0,1.0
Peru,Female,2008-2011,UN_UNESCO Institute for Statistics (UIS),Percent,98.0,1.0
Peru,Total,2008-2011,UN_UNESCO Institute for Statistics (UIS),Percent,98.0,1.0
Philippines,Male,2008-2011,UN_UNESCO Institute for Statistics (UIS),Percent,88.0,1.0
Philippines,Female,2008-2011,UN_UNESCO Institute for Statistics (UIS),Percent,90.0,1.0
Philippines,Total,2008-2011,UN_UNESCO Institute for Statistics (UIS),Percent,89.0,1.0
Poland,Male,2008-2011,UN_UNESCO Institute for Statistics (UIS),Percent,96.0,1.0
Poland,Female,2008-2011,UN_UNESCO Institute for Statistics (UIS),Percent,96.0,1.0
Poland,Total,2008-2011,UN_UNESCO Institute for Statistics (UIS),Percent,96.0,1.0
Portugal,Male,2008-2011,UN_UNESCO Institute for Statistics (UIS),Percent,99.0,1.0
Portugal,Female,2008-2011,UN_UNESCO Institute for Statistics (UIS),Percent,100.0,1.0
Portugal,Total,2008-2011,UN_UNESCO Institute for Statistics (UIS),Percent,99.0,1.0
Qatar,Male,2008-2011,UN_UNESCO Institute for Statistics (UIS),Percent,96.0,1.0
Qatar,Female,2008-2011,UN_UNESCO Institute for Statistics (UIS),Percent,97.0,1.0
Qatar,Total,2008-2011,UN_UNESCO Institute for Statistics (UIS),Percent,96.0,1.0
Republic of Korea,Male,2008-2011,UN_UNESCO Institute for Statistics (UIS),Percent,99.0,1.0
Republic of Korea,Female,2008-2011,UN_UNESCO Institute for Statistics (UIS),Percent,98.0,1.0
Republic of Korea,Total,2008-2011,UN_UNESCO Institute for Statistics (UIS),Percent,99.0,1.0
Republic of Moldova,Male,2008-2011,UN_UNESCO Institute for Statistics (UIS),Percent,90.0,1.0
Republic of Moldova,Female,2008-2011,UN_UNESCO Institute for Statistics (UIS),Percent,90.0,1.0
Republic of Moldova,Total,2008-2011,UN_UNESCO Institute for Statistics (UIS),Percent,90.0,1.0
Romania,Male,2008-2011,UN_UNESCO Institute for Statistics (UIS),Percent,88.0,1.0
Romania,Female,2008-2011,UN_UNESCO Institute for Statistics (UIS),Percent,87.0,1.0
Romania,Total,2008-2011,UN_UNESCO Institute for Statistics (UIS),Percent,88.0,1.0
Russian Federation,Male,2008-2011,UN_UNESCO Institute for Statistics (UIS),Percent,95.0,1.0
Russian Federation,Female,2008-2011,UN_UNESCO Institute for Statistics (UIS),Percent,96.0,1.0
Russian Federation,Total,2008-2011,UN_UNESCO Institute for Statistics (UIS),Percent,96.0,1.0
Rwanda,Total,2008-2011,UN_UNESCO Institute for Statistics (UIS),Percent,99.0,1.0
Saint Kitts and Nevis,Male,2008-2011,UN_UNESCO Institute for Statistics (UIS),Percent,86.0,1.0
Saint Kitts and Nevis,Female,2008-2011,UN_UNESCO Institute for Statistics (UIS),Percent,86.0,1.0
Saint Kitts and Nevis,Total,2008-2011,UN_UNESCO Institute for Statistics (UIS),Percent,86.0,1.0
Saint Lucia,Male,2008-2011,UN_UNESCO Institute for Statistics (UIS),Percent,90.0,1.0
Saint Lucia,Female,2008-2011,UN_UNESCO Institute for Statistics (UIS),Percent,89.0,1.0
Saint Lucia,Total,2008-2011,UN_UNESCO Institute for Statistics (UIS),Percent,90.0,1.0
Saint Vincent and the Grenadines,Total,2008-2011,UN_UNESCO Institute for Statistics (UIS),Percent,98.0,1.0
Samoa,Male,2008-2011,UN_UNESCO Institute for Statistics (UIS),Percent,93.0,1.0
Samoa,Female,2008-2011,UN_UNESCO Institute for Statistics (UIS),Percent,97.0,1.0
Samoa,Total,2008-2011,UN_UNESCO Institute for Statistics (UIS),Percent,95.0,1.0
San Marino,Male,2008-2011,UN_UNESCO Institute for Statistics (UIS),Percent,91.0,1.0
San Marino,Female,2008-2011,UN_UNESCO Institute for Statistics (UIS),Percent,93.0,1.0
San Marino,Total,2008-2011,UN_UNESCO Institute for Statistics (UIS),Percent,92.0,1.0
Sao Tome and Principe,Total,2008-2011,UN_UNESCO Institute for Statistics (UIS),Percent,99.0,1.0
Saudi Arabia,Male,2008-2011,UN_UNESCO Institute for Statistics (UIS),Percent,90.0,1.0
Saudi Arabia,Female,2008-2011,UN_UNESCO Institute for Statistics (UIS),Percent,89.0,1.0
Saudi Arabia,Total,2008-2011,UN_UNESCO Institute for Statistics (UIS),Percent,90.0,1.0
Senegal,Male,2008-2011,UN_UNESCO Institute for Statistics (UIS),Percent,76.0,1.0
Senegal,Female,2008-2011,UN_UNESCO Institute for Statistics (UIS),Percent,80.0,1.0
Senegal,Total,2008-2011,UN_UNESCO Institute for Statistics (UIS),Percent,78.0,1.0
Serbia,Male,2008-2011,UN_UNESCO Institute for Statistics (UIS),Percent,95.0,1.0
Serbia,Female,2008-2011,UN_UNESCO Institute for Statistics (UIS),Percent,94.0,1.0
Serbia,Total,2008-2011,UN_UNESCO Institute for Statistics (UIS),Percent,95.0,1.0
Slovenia,Male,2008-2011,UN_UNESCO Institute for Statistics (UIS),Percent,97.0,1.0
Slovenia,Female,2008-2011,UN_UNESCO Institute for Statistics (UIS),Percent,97.0,1.0
Slovenia,Total,2008-2011,UN_UNESCO Institute for Statistics (UIS),Percent,97.0,1.0
South Africa,Male,2008-2011,UN_UNESCO Institute for Statistics (UIS),Percent,90.0,1.0
South Africa,Female,2008-2011,UN_UNESCO Institute for Statistics (UIS),Percent,91.0,1.0
South Africa,Total,2008-2011,UN_UNESCO Institute for Statistics (UIS),Percent,90.0,1.0
South Asia,Male,2008-2011,UN_UNESCO Institute for Statistics (UIS),Percent,93.0,2.0
South Asia,Female,2008-2011,UN_UNESCO Institute for Statistics (UIS),Percent,91.0,2.0
South Asia,Total,2008-2011,UN_UNESCO Institute for Statistics (UIS),Percent,92.0,2.0
Spain,Male,2008-2011,UN_UNESCO Institute for Statistics (UIS),Percent,100.0,1.0
Spain,Female,2008-2011,UN_UNESCO Institute for Statistics (UIS),Percent,100.0,1.0
Spain,Total,2008-2011,UN_UNESCO Institute for Statistics (UIS),Percent,100.0,1.0
Sri Lanka,Male,2008-2011,UN_UNESCO Institute for Statistics (UIS),Percent,94.0,1.0
Sri Lanka,Female,2008-2011,UN_UNESCO Institute for Statistics (UIS),Percent,94.0,1.0
Sri Lanka,Total,2008-2011,UN_UNESCO Institute for Statistics (UIS),Percent,94.0,1.0
State of Palestine,Male,2008-2011,UN_UNESCO Institute for Statistics (UIS),Percent,90.0,1.0
State of Palestine,Female,2008-2011,UN_UNESCO Institute for Statistics (UIS),Percent,88.0,1.0
State of Palestine,Total,2008-2011,UN_UNESCO Institute for Statistics (UIS),Percent,89.0,1.0
Sub-Saharan Africa,Male,2008-2011,UN_UNESCO Institute for Statistics (UIS),Percent,78.0,2.0
Sub-Saharan Africa,Female,2008-2011,UN_UNESCO Institute for Statistics (UIS),Percent,74.0,2.0
Sub-Saharan Africa,Total,2008-2011,UN_UNESCO Institute for Statistics (UIS),Percent,76.0,2.0
Suriname,Male,2008-2011,UN_UNESCO Institute for Statistics (UIS),Percent,91.0,1.0
Suriname,Female,2008-2011,UN_UNESCO Institute for Statistics (UIS),Percent,91.0,1.0
Suriname,Total,2008-2011,UN_UNESCO Institute for Statistics (UIS),Percent,91.0,1.0
Swaziland,Male,2008-2011,UN_UNESCO Institute for Statistics (UIS),Percent,86.0,1.0
Swaziland,Female,2008-2011,UN_UNESCO Institute for Statistics (UIS),Percent,85.0,1.0
Swaziland,Total,2008-2011,UN_UNESCO Institute for Statistics (UIS),Percent,86.0,1.0
Sweden,Male,2008-2011,UN_UNESCO Institute for Statistics (UIS),Percent,100.0,1.0
Sweden,Female,2008-2011,UN_UNESCO Institute for Statistics (UIS),Percent,99.0,1.0
Sweden,Total,2008-2011,UN_UNESCO Institute for Statistics (UIS),Percent,99.0,1.0
Switzerland,Male,2008-2011,UN_UNESCO Institute for Statistics (UIS),Percent,99.0,1.0
Switzerland,Female,2008-2011,UN_UNESCO Institute for Statistics (UIS),Percent,99.0,1.0
Switzerland,Total,2008-2011,UN_UNESCO Institute for Statistics (UIS),Percent,99.0,1.0
Syrian Arab Republic,Male,2008-2011,UN_UNESCO Institute for Statistics (UIS),Percent,100.0,1.0
Syrian Arab Republic,Female,2008-2011,UN_UNESCO Institute for Statistics (UIS),Percent,98.0,1.0
Syrian Arab Republic,Total,2008-2011,UN_UNESCO Institute for Statistics (UIS),Percent,99.0,1.0
Tajikistan,Male,2008-2011,UN_UNESCO Institute for Statistics (UIS),Percent,99.0,1.0
Tajikistan,Female,2008-2011,UN_UNESCO Institute for Statistics (UIS),Percent,96.0,1.0
Tajikistan,Total,2008-2011,UN_UNESCO Institute for Statistics (UIS),Percent,98.0,1.0
Thailand,Male,2008-2011,UN_UNESCO Institute for Statistics (UIS),Percent,90.0,1.0
Thailand,Female,2008-2011,UN_UNESCO Institute for Statistics (UIS),Percent,89.0,1.0
Thailand,Total,2008-2011,UN_UNESCO Institute for Statistics (UIS),Percent,90.0,1.0
The former Yugoslav Republic of Macedonia,Male,2008-2011,UN_UNESCO Institute for Statistics (UIS),Percent,97.0,1.0
The former Yugoslav Republic of Macedonia,Female,2008-2011,UN_UNESCO Institute for Statistics (UIS),Percent,99.0,1.0
The former Yugoslav Republic of Macedonia,Total,2008-2011,UN_UNESCO Institute for Statistics (UIS),Percent,98.0,1.0
Timor-Leste,Male,2008-2011,UN_UNESCO Institute for Statistics (UIS),Percent,86.0,1.0
Timor-Leste,Female,2008-2011,UN_UNESCO Institute for Statistics (UIS),Percent,86.0,1.0
Timor-Leste,Total,2008-2011,UN_UNESCO Institute for Statistics (UIS),Percent,86.0,1.0
Togo,Total,2008-2011,UN_UNESCO Institute for Statistics (UIS),Percent,94.0,1.0
Trinidad and Tobago,Male,2008-2011,UN_UNESCO Institute for Statistics (UIS),Percent,98.0,1.0
Trinidad and Tobago,Female,2008-2011,UN_UNESCO Institute for Statistics (UIS),Percent,97.0,1.0
Trinidad and Tobago,Total,2008-2011,UN_UNESCO Institute for Statistics (UIS),Percent,97.0,1.0
Tunisia,Total,2008-2011,UN_UNESCO Institute for Statistics (UIS),Percent,99.0,1.0
Turkey,Male,2008-2011,UN_UNESCO Institute for Statistics (UIS),Percent,98.0,1.0
Turkey,Female,2008-2011,UN_UNESCO Institute for Statistics (UIS),Percent,97.0,1.0
Turkey,Total,2008-2011,UN_UNESCO Institute for Statistics (UIS),Percent,97.0,1.0
Uganda,Male,2008-2011,UN_UNESCO Institute for Statistics (UIS),Percent,90.0,1.0
Uganda,Female,2008-2011,UN_UNESCO Institute for Statistics (UIS),Percent,92.0,1.0
Uganda,Total,2008-2011,UN_UNESCO Institute for Statistics (UIS),Percent,91.0,1.0
Ukraine,Male,2008-2011,UN_UNESCO Institute for Statistics (UIS),Percent,91.0,1.0
Ukraine,Female,2008-2011,UN_UNESCO Institute for Statistics (UIS),Percent,91.0,1.0
Ukraine,Total,2008-2011,UN_UNESCO Institute for Statistics (UIS),Percent,91.0,1.0
United Kingdom,Male,2008-2011,UN_UNESCO Institute for Statistics (UIS),Percent,100.0,1.0
United Kingdom,Female,2008-2011,UN_UNESCO Institute for Statistics (UIS),Percent,100.0,1.0
United Kingdom,Total,2008-2011,UN_UNESCO Institute for Statistics (UIS),Percent,100.0,1.0
United Republic of Tanzania,Male,2008-2011,UN_UNESCO Institute for Statistics (UIS),Percent,98.0,1.0
United Republic of Tanzania,Female,2008-2011,UN_UNESCO Institute for Statistics (UIS),Percent,98.0,1.0
United Republic of Tanzania,Total,2008-2011,UN_UNESCO Institute for Statistics (UIS),Percent,98.0,1.0
United States,Male,2008-2011,UN_UNESCO Institute for Statistics (UIS),Percent,95.0,1.0
United States,Female,2008-2011,UN_UNESCO Institute for Statistics (UIS),Percent,96.0,1.0
United States,Total,2008-2011,UN_UNESCO Institute for Statistics (UIS),Percent,96.0,1.0
Uruguay,Male,2008-2011,UN_UNESCO Institute for Statistics (UIS),Percent,100.0,1.0
Uruguay,Female,2008-2011,UN_UNESCO Institute for Statistics (UIS),Percent,99.0,1.0
Uruguay,Total,2008-2011,UN_UNESCO Institute for Statistics (UIS),Percent,99.0,1.0
Uzbekistan,Male,2008-2011,UN_UNESCO Institute for Statistics (UIS),Percent,93.0,1.0
Uzbekistan,Female,2008-2011,UN_UNESCO Institute for Statistics (UIS),Percent,91.0,1.0
Uzbekistan,Total,2008-2011,UN_UNESCO Institute for Statistics (UIS),Percent,92.0,1.0
Venezuela (Bolivarian Republic of),Male,2008-2011,UN_UNESCO Institute for Statistics (UIS),Percent,95.0,1.0
Venezuela (Bolivarian Republic of),Female,2008-2011,UN_UNESCO Institute for Statistics (UIS),Percent,95.0,1.0
Venezuela (Bolivarian Republic of),Total,2008-2011,UN_UNESCO Institute for Statistics (UIS),Percent,95.0,1.0
Viet Nam,Total,2008-2011,UN_UNESCO Institute for Statistics (UIS),Percent,98.0,1.0
Western and Central Africa,Male,2008-2011,UN_UNESCO Institute for Statistics (UIS),Percent,69.0,2.0
Western and Central Africa,Female,2008-2011,UN_UNESCO Institute for Statistics (UIS),Percent,64.0,2.0
Western and Central Africa,Total,2008-2011,UN_UNESCO Institute for Statistics (UIS),Percent,67.0,2.0
World,Male,2008-2011,UN_UNESCO Institute for Statistics (UIS),Percent,92.0,2.0
World,Female,2008-2011,UN_UNESCO Institute for Statistics (UIS),Percent,90.0,2.0
World,Total,2008-2011,UN_UNESCO Institute for Statistics (UIS),Percent,91.0,2.0
Yemen,Male,2008-2011,UN_UNESCO Institute for Statistics (UIS),Percent,86.0,1.0
Yemen,Female,2008-2011,UN_UNESCO Institute for Statistics (UIS),Percent,70.0,1.0
Yemen,Total,2008-2011,UN_UNESCO Institute for Statistics (UIS),Percent,78.0,1.0
Zambia,Male,2008-2011,UN_UNESCO Institute for Statistics (UIS),Percent,91.0,1.0
Zambia,Female,2008-2011,UN_UNESCO Institute for Statistics (UIS),Percent,94.0,1.0
Zambia,Total,2008-2011,UN_UNESCO Institute for Statistics (UIS),Percent,93.0,1.0
fnSeqID,Footnote,,,,,
1,Data refer to the most recent year available during the period specified in the column heading. ,,,,,
2,"Data refer to the most recent year available during the period specified in the column heading. For a complete list of countries and territories in the regions, subregions and country categories, see page XX.",,,,,
3,Data refer to the most recent year available during the period specified in the column heading. Data provided by Chinese Ministry of Education. The UIS dataset does not currently include net enrolment rates or primary school survival for China.,,,,,
4,Data refer to the most recent year available during the period specified in the column heading. Data provided by Chinese Ministry of Education. The UIS dataset does not currently include net enrolment rates for China.,,,,,
