Country or Area,Subgroup,Year,Source,Unit,People living with HIVAIDS,People living with HIVAIDS Footnotes
Afghanistan,Female 15+ yr,2011.0,"UN_Joint United Nations Programme on HIV/AIDS (UNAIDS), Report on the Global AIDS Epidemic estimates, 2012",Thousand,1,
Afghanistan,Total,2011.0,"UN_Joint United Nations Programme on HIV/AIDS (UNAIDS), Report on the Global AIDS Epidemic estimates, 2012",Thousand,6,
Angola,Female 15+ yr,2011.0,"UN_Joint United Nations Programme on HIV/AIDS (UNAIDS), Report on the Global AIDS Epidemic estimates, 2012",Thousand,120,
Angola,Total,2011.0,"UN_Joint United Nations Programme on HIV/AIDS (UNAIDS), Report on the Global AIDS Epidemic estimates, 2012",Thousand,230,
Angola,Total 0-14 yr,2011.0,"UN_Joint United Nations Programme on HIV/AIDS (UNAIDS), Report on the Global AIDS Epidemic estimates, 2012",Thousand,34,
Argentina,Female 15+ yr,2011.0,"UN_Joint United Nations Programme on HIV/AIDS (UNAIDS), Report on the Global AIDS Epidemic estimates, 2012",Thousand,35,
Argentina,Total,2011.0,"UN_Joint United Nations Programme on HIV/AIDS (UNAIDS), Report on the Global AIDS Epidemic estimates, 2012",Thousand,95,
Armenia,Female 15+ yr,2011.0,"UN_Joint United Nations Programme on HIV/AIDS (UNAIDS), Report on the Global AIDS Epidemic estimates, 2012",Thousand,<1,
Armenia,Total,2011.0,"UN_Joint United Nations Programme on HIV/AIDS (UNAIDS), Report on the Global AIDS Epidemic estimates, 2012",Thousand,4,
Australia,Female 15+ yr,2011.0,"UN_Joint United Nations Programme on HIV/AIDS (UNAIDS), Report on the Global AIDS Epidemic estimates, 2012",Thousand,7,
Australia,Total,2011.0,"UN_Joint United Nations Programme on HIV/AIDS (UNAIDS), Report on the Global AIDS Epidemic estimates, 2012",Thousand,22,
Austria,Female 15+ yr,2011.0,"UN_Joint United Nations Programme on HIV/AIDS (UNAIDS), Report on the Global AIDS Epidemic estimates, 2012",Thousand,5,
Austria,Total,2011.0,"UN_Joint United Nations Programme on HIV/AIDS (UNAIDS), Report on the Global AIDS Epidemic estimates, 2012",Thousand,18,
Azerbaijan,Female 15+ yr,2011.0,"UN_Joint United Nations Programme on HIV/AIDS (UNAIDS), Report on the Global AIDS Epidemic estimates, 2012",Thousand,1,
Azerbaijan,Total,2011.0,"UN_Joint United Nations Programme on HIV/AIDS (UNAIDS), Report on the Global AIDS Epidemic estimates, 2012",Thousand,7,
Bahamas,Female 15+ yr,2011.0,"UN_Joint United Nations Programme on HIV/AIDS (UNAIDS), Report on the Global AIDS Epidemic estimates, 2012",Thousand,3,
Bahamas,Total,2011.0,"UN_Joint United Nations Programme on HIV/AIDS (UNAIDS), Report on the Global AIDS Epidemic estimates, 2012",Thousand,7,
Bangladesh,Female 15+ yr,2011.0,"UN_Joint United Nations Programme on HIV/AIDS (UNAIDS), Report on the Global AIDS Epidemic estimates, 2012",Thousand,<1,
Bangladesh,Total,2011.0,"UN_Joint United Nations Programme on HIV/AIDS (UNAIDS), Report on the Global AIDS Epidemic estimates, 2012",Thousand,8,
Barbados,Female 15+ yr,2011.0,"UN_Joint United Nations Programme on HIV/AIDS (UNAIDS), Report on the Global AIDS Epidemic estimates, 2012",Thousand,<0.5,
Barbados,Total,2011.0,"UN_Joint United Nations Programme on HIV/AIDS (UNAIDS), Report on the Global AIDS Epidemic estimates, 2012",Thousand,1,
Belarus,Female 15+ yr,2011.0,"UN_Joint United Nations Programme on HIV/AIDS (UNAIDS), Report on the Global AIDS Epidemic estimates, 2012",Thousand,6,
Belarus,Total,2011.0,"UN_Joint United Nations Programme on HIV/AIDS (UNAIDS), Report on the Global AIDS Epidemic estimates, 2012",Thousand,20,
Belgium,Female 15+ yr,2011.0,"UN_Joint United Nations Programme on HIV/AIDS (UNAIDS), Report on the Global AIDS Epidemic estimates, 2012",Thousand,6,
Belgium,Total,2011.0,"UN_Joint United Nations Programme on HIV/AIDS (UNAIDS), Report on the Global AIDS Epidemic estimates, 2012",Thousand,20,
Belize,Female 15+ yr,2011.0,"UN_Joint United Nations Programme on HIV/AIDS (UNAIDS), Report on the Global AIDS Epidemic estimates, 2012",Thousand,2,
Belize,Total,2011.0,"UN_Joint United Nations Programme on HIV/AIDS (UNAIDS), Report on the Global AIDS Epidemic estimates, 2012",Thousand,5,
Benin,Female 15+ yr,2011.0,"UN_Joint United Nations Programme on HIV/AIDS (UNAIDS), Report on the Global AIDS Epidemic estimates, 2012",Thousand,33,
Benin,Total,2011.0,"UN_Joint United Nations Programme on HIV/AIDS (UNAIDS), Report on the Global AIDS Epidemic estimates, 2012",Thousand,64,
Benin,Total 0-14 yr,2011.0,"UN_Joint United Nations Programme on HIV/AIDS (UNAIDS), Report on the Global AIDS Epidemic estimates, 2012",Thousand,9,
Bhutan,Female 15+ yr,2011.0,"UN_Joint United Nations Programme on HIV/AIDS (UNAIDS), Report on the Global AIDS Epidemic estimates, 2012",Thousand,<0.5,
Bhutan,Total,2011.0,"UN_Joint United Nations Programme on HIV/AIDS (UNAIDS), Report on the Global AIDS Epidemic estimates, 2012",Thousand,1,
Bolivia (Plurinational State of),Female 15+ yr,2011.0,"UN_Joint United Nations Programme on HIV/AIDS (UNAIDS), Report on the Global AIDS Epidemic estimates, 2012",Thousand,1,
Bolivia (Plurinational State of),Total,2011.0,"UN_Joint United Nations Programme on HIV/AIDS (UNAIDS), Report on the Global AIDS Epidemic estimates, 2012",Thousand,17,
Botswana,Female 15+ yr,2011.0,"UN_Joint United Nations Programme on HIV/AIDS (UNAIDS), Report on the Global AIDS Epidemic estimates, 2012",Thousand,160,
Botswana,Total,2011.0,"UN_Joint United Nations Programme on HIV/AIDS (UNAIDS), Report on the Global AIDS Epidemic estimates, 2012",Thousand,300,
Botswana,Total 0-14 yr,2011.0,"UN_Joint United Nations Programme on HIV/AIDS (UNAIDS), Report on the Global AIDS Epidemic estimates, 2012",Thousand,15,
Brazil,Female 15+ yr,2011.0,"UN_Joint United Nations Programme on HIV/AIDS (UNAIDS), Report on the Global AIDS Epidemic estimates, 2012",Thousand,200,
Brazil,Total,2011.0,"UN_Joint United Nations Programme on HIV/AIDS (UNAIDS), Report on the Global AIDS Epidemic estimates, 2012",Thousand,490,
Bulgaria,Female 15+ yr,2011.0,"UN_Joint United Nations Programme on HIV/AIDS (UNAIDS), Report on the Global AIDS Epidemic estimates, 2012",Thousand,1,
Bulgaria,Total,2011.0,"UN_Joint United Nations Programme on HIV/AIDS (UNAIDS), Report on the Global AIDS Epidemic estimates, 2012",Thousand,4,
Burkina Faso,Female 15+ yr,2011.0,"UN_Joint United Nations Programme on HIV/AIDS (UNAIDS), Report on the Global AIDS Epidemic estimates, 2012",Thousand,56,
Burkina Faso,Total,2011.0,"UN_Joint United Nations Programme on HIV/AIDS (UNAIDS), Report on the Global AIDS Epidemic estimates, 2012",Thousand,120,
Burkina Faso,Total 0-14 yr,2011.0,"UN_Joint United Nations Programme on HIV/AIDS (UNAIDS), Report on the Global AIDS Epidemic estimates, 2012",Thousand,23,
Burundi,Female 15+ yr,2011.0,"UN_Joint United Nations Programme on HIV/AIDS (UNAIDS), Report on the Global AIDS Epidemic estimates, 2012",Thousand,38,
Burundi,Total,2011.0,"UN_Joint United Nations Programme on HIV/AIDS (UNAIDS), Report on the Global AIDS Epidemic estimates, 2012",Thousand,80,
Burundi,Total 0-14 yr,2011.0,"UN_Joint United Nations Programme on HIV/AIDS (UNAIDS), Report on the Global AIDS Epidemic estimates, 2012",Thousand,19,
Cambodia,Female 15+ yr,2011.0,"UN_Joint United Nations Programme on HIV/AIDS (UNAIDS), Report on the Global AIDS Epidemic estimates, 2012",Thousand,31,
Cambodia,Total,2011.0,"UN_Joint United Nations Programme on HIV/AIDS (UNAIDS), Report on the Global AIDS Epidemic estimates, 2012",Thousand,64,
Cameroon,Female 15+ yr,2011.0,"UN_Joint United Nations Programme on HIV/AIDS (UNAIDS), Report on the Global AIDS Epidemic estimates, 2012",Thousand,280,
Cameroon,Total,2011.0,"UN_Joint United Nations Programme on HIV/AIDS (UNAIDS), Report on the Global AIDS Epidemic estimates, 2012",Thousand,550,
Cameroon,Total 0-14 yr,2011.0,"UN_Joint United Nations Programme on HIV/AIDS (UNAIDS), Report on the Global AIDS Epidemic estimates, 2012",Thousand,60,
Canada,Female 15+ yr,2011.0,"UN_Joint United Nations Programme on HIV/AIDS (UNAIDS), Report on the Global AIDS Epidemic estimates, 2012",Thousand,13,
Canada,Total,2011.0,"UN_Joint United Nations Programme on HIV/AIDS (UNAIDS), Report on the Global AIDS Epidemic estimates, 2012",Thousand,71,
Cape Verde,Female 15+ yr,2011.0,"UN_Joint United Nations Programme on HIV/AIDS (UNAIDS), Report on the Global AIDS Epidemic estimates, 2012",Thousand,3,
Cape Verde,Total,2011.0,"UN_Joint United Nations Programme on HIV/AIDS (UNAIDS), Report on the Global AIDS Epidemic estimates, 2012",Thousand,3,
CEE/CIS,Female 15+ yr,2011.0,"UN_Joint United Nations Programme on HIV/AIDS (UNAIDS), Report on the Global AIDS Epidemic estimates, 2012",Thousand,410,1.0
CEE/CIS,Total,2011.0,"UN_Joint United Nations Programme on HIV/AIDS (UNAIDS), Report on the Global AIDS Epidemic estimates, 2012",Thousand,1500,1.0
CEE/CIS,Total 0-14 yr,2011.0,"UN_Joint United Nations Programme on HIV/AIDS (UNAIDS), Report on the Global AIDS Epidemic estimates, 2012",Thousand,18,1.0
Central African Republic,Female 15+ yr,2011.0,"UN_Joint United Nations Programme on HIV/AIDS (UNAIDS), Report on the Global AIDS Epidemic estimates, 2012",Thousand,62,
Central African Republic,Total,2011.0,"UN_Joint United Nations Programme on HIV/AIDS (UNAIDS), Report on the Global AIDS Epidemic estimates, 2012",Thousand,130,
Central African Republic,Total 0-14 yr,2011.0,"UN_Joint United Nations Programme on HIV/AIDS (UNAIDS), Report on the Global AIDS Epidemic estimates, 2012",Thousand,20,
Chad,Female 15+ yr,2011.0,"UN_Joint United Nations Programme on HIV/AIDS (UNAIDS), Report on the Global AIDS Epidemic estimates, 2012",Thousand,100,
Chad,Total,2011.0,"UN_Joint United Nations Programme on HIV/AIDS (UNAIDS), Report on the Global AIDS Epidemic estimates, 2012",Thousand,210,
Chad,Total 0-14 yr,2011.0,"UN_Joint United Nations Programme on HIV/AIDS (UNAIDS), Report on the Global AIDS Epidemic estimates, 2012",Thousand,34,
Chile,Female 15+ yr,2011.0,"UN_Joint United Nations Programme on HIV/AIDS (UNAIDS), Report on the Global AIDS Epidemic estimates, 2012",Thousand,5,
Chile,Total,2011.0,"UN_Joint United Nations Programme on HIV/AIDS (UNAIDS), Report on the Global AIDS Epidemic estimates, 2012",Thousand,51,
China,Female 15+ yr,2011.0,"UN_Joint United Nations Programme on HIV/AIDS (UNAIDS), Report on the Global AIDS Epidemic estimates, 2012",Thousand,231,
China,Total,2011.0,"UN_Joint United Nations Programme on HIV/AIDS (UNAIDS), Report on the Global AIDS Epidemic estimates, 2012",Thousand,780,
Colombia,Female 15+ yr,2011.0,"UN_Joint United Nations Programme on HIV/AIDS (UNAIDS), Report on the Global AIDS Epidemic estimates, 2012",Thousand,29,
Colombia,Total,2011.0,"UN_Joint United Nations Programme on HIV/AIDS (UNAIDS), Report on the Global AIDS Epidemic estimates, 2012",Thousand,150,
Comoros,Female 15+ yr,2011.0,"UN_Joint United Nations Programme on HIV/AIDS (UNAIDS), Report on the Global AIDS Epidemic estimates, 2012",Thousand,<0.1,
Comoros,Total,2011.0,"UN_Joint United Nations Programme on HIV/AIDS (UNAIDS), Report on the Global AIDS Epidemic estimates, 2012",Thousand,<0.5,
Congo,Female 15+ yr,2011.0,"UN_Joint United Nations Programme on HIV/AIDS (UNAIDS), Report on the Global AIDS Epidemic estimates, 2012",Thousand,40,
Congo,Total,2011.0,"UN_Joint United Nations Programme on HIV/AIDS (UNAIDS), Report on the Global AIDS Epidemic estimates, 2012",Thousand,83,
Congo,Total 0-14 yr,2011.0,"UN_Joint United Nations Programme on HIV/AIDS (UNAIDS), Report on the Global AIDS Epidemic estimates, 2012",Thousand,13,
Costa Rica,Female 15+ yr,2011.0,"UN_Joint United Nations Programme on HIV/AIDS (UNAIDS), Report on the Global AIDS Epidemic estimates, 2012",Thousand,4,
Costa Rica,Total,2011.0,"UN_Joint United Nations Programme on HIV/AIDS (UNAIDS), Report on the Global AIDS Epidemic estimates, 2012",Thousand,9,
Côte d'Ivoire,Female 15+ yr,2011.0,"UN_Joint United Nations Programme on HIV/AIDS (UNAIDS), Report on the Global AIDS Epidemic estimates, 2012",Thousand,170,
Côte d'Ivoire,Total,2011.0,"UN_Joint United Nations Programme on HIV/AIDS (UNAIDS), Report on the Global AIDS Epidemic estimates, 2012",Thousand,360,
Côte d'Ivoire,Total 0-14 yr,2011.0,"UN_Joint United Nations Programme on HIV/AIDS (UNAIDS), Report on the Global AIDS Epidemic estimates, 2012",Thousand,61,
Croatia,Female 15+ yr,2011.0,"UN_Joint United Nations Programme on HIV/AIDS (UNAIDS), Report on the Global AIDS Epidemic estimates, 2012",Thousand,<0.5,
Croatia,Total,2011.0,"UN_Joint United Nations Programme on HIV/AIDS (UNAIDS), Report on the Global AIDS Epidemic estimates, 2012",Thousand,1,
Cuba,Female 15+ yr,2011.0,"UN_Joint United Nations Programme on HIV/AIDS (UNAIDS), Report on the Global AIDS Epidemic estimates, 2012",Thousand,3,
Cuba,Total,2011.0,"UN_Joint United Nations Programme on HIV/AIDS (UNAIDS), Report on the Global AIDS Epidemic estimates, 2012",Thousand,14,
Czech Republic,Female 15+ yr,2011.0,"UN_Joint United Nations Programme on HIV/AIDS (UNAIDS), Report on the Global AIDS Epidemic estimates, 2012",Thousand,<1,
Czech Republic,Total,2011.0,"UN_Joint United Nations Programme on HIV/AIDS (UNAIDS), Report on the Global AIDS Epidemic estimates, 2012",Thousand,2,
Denmark,Female 15+ yr,2011.0,"UN_Joint United Nations Programme on HIV/AIDS (UNAIDS), Report on the Global AIDS Epidemic estimates, 2012",Thousand,2,
Denmark,Total,2011.0,"UN_Joint United Nations Programme on HIV/AIDS (UNAIDS), Report on the Global AIDS Epidemic estimates, 2012",Thousand,6,
Djibouti,Female 15+ yr,2011.0,"UN_Joint United Nations Programme on HIV/AIDS (UNAIDS), Report on the Global AIDS Epidemic estimates, 2012",Thousand,5,
Djibouti,Total,2011.0,"UN_Joint United Nations Programme on HIV/AIDS (UNAIDS), Report on the Global AIDS Epidemic estimates, 2012",Thousand,9,
Djibouti,Total 0-14 yr,2011.0,"UN_Joint United Nations Programme on HIV/AIDS (UNAIDS), Report on the Global AIDS Epidemic estimates, 2012",Thousand,1,
Dominican Republic,Female 15+ yr,2011.0,"UN_Joint United Nations Programme on HIV/AIDS (UNAIDS), Report on the Global AIDS Epidemic estimates, 2012",Thousand,24,
Dominican Republic,Total,2011.0,"UN_Joint United Nations Programme on HIV/AIDS (UNAIDS), Report on the Global AIDS Epidemic estimates, 2012",Thousand,44,
East Asia and Pacific,Female 15+ yr,2011.0,"UN_Joint United Nations Programme on HIV/AIDS (UNAIDS), Report on the Global AIDS Epidemic estimates, 2012",Thousand,720,1.0
East Asia and Pacific,Total,2011.0,"UN_Joint United Nations Programme on HIV/AIDS (UNAIDS), Report on the Global AIDS Epidemic estimates, 2012",Thousand,2400,1.0
East Asia and Pacific,Total 0-14 yr,2011.0,"UN_Joint United Nations Programme on HIV/AIDS (UNAIDS), Report on the Global AIDS Epidemic estimates, 2012",Thousand,64,1.0
Eastern and Southern Africa,Female 15+ yr,2011.0,"UN_Joint United Nations Programme on HIV/AIDS (UNAIDS), Report on the Global AIDS Epidemic estimates, 2012",Thousand,8700,1.0
Eastern and Southern Africa,Total,2011.0,"UN_Joint United Nations Programme on HIV/AIDS (UNAIDS), Report on the Global AIDS Epidemic estimates, 2012",Thousand,17200,1.0
Eastern and Southern Africa,Total 0-14 yr,2011.0,"UN_Joint United Nations Programme on HIV/AIDS (UNAIDS), Report on the Global AIDS Epidemic estimates, 2012",Thousand,2200,1.0
Ecuador,Female 15+ yr,2011.0,"UN_Joint United Nations Programme on HIV/AIDS (UNAIDS), Report on the Global AIDS Epidemic estimates, 2012",Thousand,8,
Ecuador,Total,2011.0,"UN_Joint United Nations Programme on HIV/AIDS (UNAIDS), Report on the Global AIDS Epidemic estimates, 2012",Thousand,35,
Egypt,Female 15+ yr,2011.0,"UN_Joint United Nations Programme on HIV/AIDS (UNAIDS), Report on the Global AIDS Epidemic estimates, 2012",Thousand,2,
Egypt,Total,2011.0,"UN_Joint United Nations Programme on HIV/AIDS (UNAIDS), Report on the Global AIDS Epidemic estimates, 2012",Thousand,10,
El Salvador,Female 15+ yr,2011.0,"UN_Joint United Nations Programme on HIV/AIDS (UNAIDS), Report on the Global AIDS Epidemic estimates, 2012",Thousand,10,
El Salvador,Total,2011.0,"UN_Joint United Nations Programme on HIV/AIDS (UNAIDS), Report on the Global AIDS Epidemic estimates, 2012",Thousand,24,
Equatorial Guinea,Female 15+ yr,2011.0,"UN_Joint United Nations Programme on HIV/AIDS (UNAIDS), Report on the Global AIDS Epidemic estimates, 2012",Thousand,10,
Equatorial Guinea,Total,2011.0,"UN_Joint United Nations Programme on HIV/AIDS (UNAIDS), Report on the Global AIDS Epidemic estimates, 2012",Thousand,20,
Equatorial Guinea,Total 0-14 yr,2011.0,"UN_Joint United Nations Programme on HIV/AIDS (UNAIDS), Report on the Global AIDS Epidemic estimates, 2012",Thousand,3,
Eritrea,Female 15+ yr,2011.0,"UN_Joint United Nations Programme on HIV/AIDS (UNAIDS), Report on the Global AIDS Epidemic estimates, 2012",Thousand,12,
Eritrea,Total,2011.0,"UN_Joint United Nations Programme on HIV/AIDS (UNAIDS), Report on the Global AIDS Epidemic estimates, 2012",Thousand,23,
Eritrea,Total 0-14 yr,2011.0,"UN_Joint United Nations Programme on HIV/AIDS (UNAIDS), Report on the Global AIDS Epidemic estimates, 2012",Thousand,4,
Estonia,Female 15+ yr,2011.0,"UN_Joint United Nations Programme on HIV/AIDS (UNAIDS), Report on the Global AIDS Epidemic estimates, 2012",Thousand,3,
Estonia,Total,2011.0,"UN_Joint United Nations Programme on HIV/AIDS (UNAIDS), Report on the Global AIDS Epidemic estimates, 2012",Thousand,10,
Ethiopia,Female 15+ yr,2011.0,"UN_Joint United Nations Programme on HIV/AIDS (UNAIDS), Report on the Global AIDS Epidemic estimates, 2012",Thousand,390,
Ethiopia,Total,2011.0,"UN_Joint United Nations Programme on HIV/AIDS (UNAIDS), Report on the Global AIDS Epidemic estimates, 2012",Thousand,790,
Ethiopia,Total 0-14 yr,2011.0,"UN_Joint United Nations Programme on HIV/AIDS (UNAIDS), Report on the Global AIDS Epidemic estimates, 2012",Thousand,180,
Fiji,Female 15+ yr,2011.0,"UN_Joint United Nations Programme on HIV/AIDS (UNAIDS), Report on the Global AIDS Epidemic estimates, 2012",Thousand,<0.2,
Fiji,Total,2011.0,"UN_Joint United Nations Programme on HIV/AIDS (UNAIDS), Report on the Global AIDS Epidemic estimates, 2012",Thousand,<0.5,
Finland,Female 15+ yr,2011.0,"UN_Joint United Nations Programme on HIV/AIDS (UNAIDS), Report on the Global AIDS Epidemic estimates, 2012",Thousand,<1,
Finland,Total,2011.0,"UN_Joint United Nations Programme on HIV/AIDS (UNAIDS), Report on the Global AIDS Epidemic estimates, 2012",Thousand,3,
France,Female 15+ yr,2011.0,"UN_Joint United Nations Programme on HIV/AIDS (UNAIDS), Report on the Global AIDS Epidemic estimates, 2012",Thousand,46,
France,Total,2011.0,"UN_Joint United Nations Programme on HIV/AIDS (UNAIDS), Report on the Global AIDS Epidemic estimates, 2012",Thousand,160,
Gabon,Female 15+ yr,2011.0,"UN_Joint United Nations Programme on HIV/AIDS (UNAIDS), Report on the Global AIDS Epidemic estimates, 2012",Thousand,24,
Gabon,Total,2011.0,"UN_Joint United Nations Programme on HIV/AIDS (UNAIDS), Report on the Global AIDS Epidemic estimates, 2012",Thousand,46,
Gabon,Total 0-14 yr,2011.0,"UN_Joint United Nations Programme on HIV/AIDS (UNAIDS), Report on the Global AIDS Epidemic estimates, 2012",Thousand,3,
Gambia,Female 15+ yr,2011.0,"UN_Joint United Nations Programme on HIV/AIDS (UNAIDS), Report on the Global AIDS Epidemic estimates, 2012",Thousand,8,
Gambia,Total,2011.0,"UN_Joint United Nations Programme on HIV/AIDS (UNAIDS), Report on the Global AIDS Epidemic estimates, 2012",Thousand,14,
Georgia,Female 15+ yr,2011.0,"UN_Joint United Nations Programme on HIV/AIDS (UNAIDS), Report on the Global AIDS Epidemic estimates, 2012",Thousand,1,
Georgia,Total,2011.0,"UN_Joint United Nations Programme on HIV/AIDS (UNAIDS), Report on the Global AIDS Epidemic estimates, 2012",Thousand,5,
Germany,Female 15+ yr,2011.0,"UN_Joint United Nations Programme on HIV/AIDS (UNAIDS), Report on the Global AIDS Epidemic estimates, 2012",Thousand,11,
Germany,Total,2011.0,"UN_Joint United Nations Programme on HIV/AIDS (UNAIDS), Report on the Global AIDS Epidemic estimates, 2012",Thousand,73,
Ghana,Female 15+ yr,2011.0,"UN_Joint United Nations Programme on HIV/AIDS (UNAIDS), Report on the Global AIDS Epidemic estimates, 2012",Thousand,110,
Ghana,Total,2011.0,"UN_Joint United Nations Programme on HIV/AIDS (UNAIDS), Report on the Global AIDS Epidemic estimates, 2012",Thousand,230,
Ghana,Total 0-14 yr,2011.0,"UN_Joint United Nations Programme on HIV/AIDS (UNAIDS), Report on the Global AIDS Epidemic estimates, 2012",Thousand,31,
Greece,Female 15+ yr,2011.0,"UN_Joint United Nations Programme on HIV/AIDS (UNAIDS), Report on the Global AIDS Epidemic estimates, 2012",Thousand,3,
Greece,Total,2011.0,"UN_Joint United Nations Programme on HIV/AIDS (UNAIDS), Report on the Global AIDS Epidemic estimates, 2012",Thousand,11,
Guatemala,Female 15+ yr,2011.0,"UN_Joint United Nations Programme on HIV/AIDS (UNAIDS), Report on the Global AIDS Epidemic estimates, 2012",Thousand,26,
Guatemala,Total,2011.0,"UN_Joint United Nations Programme on HIV/AIDS (UNAIDS), Report on the Global AIDS Epidemic estimates, 2012",Thousand,65,
Guinea,Female 15+ yr,2011.0,"UN_Joint United Nations Programme on HIV/AIDS (UNAIDS), Report on the Global AIDS Epidemic estimates, 2012",Thousand,41,
Guinea,Total,2011.0,"UN_Joint United Nations Programme on HIV/AIDS (UNAIDS), Report on the Global AIDS Epidemic estimates, 2012",Thousand,85,
Guinea,Total 0-14 yr,2011.0,"UN_Joint United Nations Programme on HIV/AIDS (UNAIDS), Report on the Global AIDS Epidemic estimates, 2012",Thousand,11,
Guinea-Bissau,Female 15+ yr,2011.0,"UN_Joint United Nations Programme on HIV/AIDS (UNAIDS), Report on the Global AIDS Epidemic estimates, 2012",Thousand,12,
Guinea-Bissau,Total,2011.0,"UN_Joint United Nations Programme on HIV/AIDS (UNAIDS), Report on the Global AIDS Epidemic estimates, 2012",Thousand,24,
Guinea-Bissau,Total 0-14 yr,2011.0,"UN_Joint United Nations Programme on HIV/AIDS (UNAIDS), Report on the Global AIDS Epidemic estimates, 2012",Thousand,3,
Guyana,Female 15+ yr,2011.0,"UN_Joint United Nations Programme on HIV/AIDS (UNAIDS), Report on the Global AIDS Epidemic estimates, 2012",Thousand,3,
Guyana,Total,2011.0,"UN_Joint United Nations Programme on HIV/AIDS (UNAIDS), Report on the Global AIDS Epidemic estimates, 2012",Thousand,6,
Haiti,Female 15+ yr,2011.0,"UN_Joint United Nations Programme on HIV/AIDS (UNAIDS), Report on the Global AIDS Epidemic estimates, 2012",Thousand,61,
Haiti,Total,2011.0,"UN_Joint United Nations Programme on HIV/AIDS (UNAIDS), Report on the Global AIDS Epidemic estimates, 2012",Thousand,120,
Haiti,Total 0-14 yr,2011.0,"UN_Joint United Nations Programme on HIV/AIDS (UNAIDS), Report on the Global AIDS Epidemic estimates, 2012",Thousand,13,
Honduras,Female 15+ yr,2011.0,"UN_Joint United Nations Programme on HIV/AIDS (UNAIDS), Report on the Global AIDS Epidemic estimates, 2012",Thousand,10,
Honduras,Total,2011.0,"UN_Joint United Nations Programme on HIV/AIDS (UNAIDS), Report on the Global AIDS Epidemic estimates, 2012",Thousand,33,
Hungary,Female 15+ yr,2011.0,"UN_Joint United Nations Programme on HIV/AIDS (UNAIDS), Report on the Global AIDS Epidemic estimates, 2012",Thousand,1,
Hungary,Total,2011.0,"UN_Joint United Nations Programme on HIV/AIDS (UNAIDS), Report on the Global AIDS Epidemic estimates, 2012",Thousand,4,
Iceland,Female 15+ yr,2011.0,"UN_Joint United Nations Programme on HIV/AIDS (UNAIDS), Report on the Global AIDS Epidemic estimates, 2012",Thousand,<0.2,
Iceland,Total,2011.0,"UN_Joint United Nations Programme on HIV/AIDS (UNAIDS), Report on the Global AIDS Epidemic estimates, 2012",Thousand,<1,
Indonesia,Female 15+ yr,2011.0,"UN_Joint United Nations Programme on HIV/AIDS (UNAIDS), Report on the Global AIDS Epidemic estimates, 2012",Thousand,110,
Indonesia,Total,2011.0,"UN_Joint United Nations Programme on HIV/AIDS (UNAIDS), Report on the Global AIDS Epidemic estimates, 2012",Thousand,380,
Iran (Islamic Republic of),Female 15+ yr,2011.0,"UN_Joint United Nations Programme on HIV/AIDS (UNAIDS), Report on the Global AIDS Epidemic estimates, 2012",Thousand,13,
Iran (Islamic Republic of),Total,2011.0,"UN_Joint United Nations Programme on HIV/AIDS (UNAIDS), Report on the Global AIDS Epidemic estimates, 2012",Thousand,96,
Ireland,Female 15+ yr,2011.0,"UN_Joint United Nations Programme on HIV/AIDS (UNAIDS), Report on the Global AIDS Epidemic estimates, 2012",Thousand,2,
Ireland,Total,2011.0,"UN_Joint United Nations Programme on HIV/AIDS (UNAIDS), Report on the Global AIDS Epidemic estimates, 2012",Thousand,8,
Israel,Female 15+ yr,2011.0,"UN_Joint United Nations Programme on HIV/AIDS (UNAIDS), Report on the Global AIDS Epidemic estimates, 2012",Thousand,3,
Israel,Total,2011.0,"UN_Joint United Nations Programme on HIV/AIDS (UNAIDS), Report on the Global AIDS Epidemic estimates, 2012",Thousand,9,
Italy,Female 15+ yr,2011.0,"UN_Joint United Nations Programme on HIV/AIDS (UNAIDS), Report on the Global AIDS Epidemic estimates, 2012",Thousand,49,
Italy,Total,2011.0,"UN_Joint United Nations Programme on HIV/AIDS (UNAIDS), Report on the Global AIDS Epidemic estimates, 2012",Thousand,150,
Jamaica,Female 15+ yr,2011.0,"UN_Joint United Nations Programme on HIV/AIDS (UNAIDS), Report on the Global AIDS Epidemic estimates, 2012",Thousand,10,
Jamaica,Total,2011.0,"UN_Joint United Nations Programme on HIV/AIDS (UNAIDS), Report on the Global AIDS Epidemic estimates, 2012",Thousand,30,
Japan,Female 15+ yr,2011.0,"UN_Joint United Nations Programme on HIV/AIDS (UNAIDS), Report on the Global AIDS Epidemic estimates, 2012",Thousand,2,
Japan,Total,2011.0,"UN_Joint United Nations Programme on HIV/AIDS (UNAIDS), Report on the Global AIDS Epidemic estimates, 2012",Thousand,8,
Kazakhstan,Female 15+ yr,2011.0,"UN_Joint United Nations Programme on HIV/AIDS (UNAIDS), Report on the Global AIDS Epidemic estimates, 2012",Thousand,8,
Kazakhstan,Total,2011.0,"UN_Joint United Nations Programme on HIV/AIDS (UNAIDS), Report on the Global AIDS Epidemic estimates, 2012",Thousand,19,
Kenya,Female 15+ yr,2011.0,"UN_Joint United Nations Programme on HIV/AIDS (UNAIDS), Report on the Global AIDS Epidemic estimates, 2012",Thousand,800,
Kenya,Total,2011.0,"UN_Joint United Nations Programme on HIV/AIDS (UNAIDS), Report on the Global AIDS Epidemic estimates, 2012",Thousand,1600,
Kenya,Total 0-14 yr,2011.0,"UN_Joint United Nations Programme on HIV/AIDS (UNAIDS), Report on the Global AIDS Epidemic estimates, 2012",Thousand,220,
Kyrgyzstan,Female 15+ yr,2011.0,"UN_Joint United Nations Programme on HIV/AIDS (UNAIDS), Report on the Global AIDS Epidemic estimates, 2012",Thousand,4,
Kyrgyzstan,Total,2011.0,"UN_Joint United Nations Programme on HIV/AIDS (UNAIDS), Report on the Global AIDS Epidemic estimates, 2012",Thousand,12,
Lao People's Democratic Republic,Female 15+ yr,2011.0,"UN_Joint United Nations Programme on HIV/AIDS (UNAIDS), Report on the Global AIDS Epidemic estimates, 2012",Thousand,5,
Lao People's Democratic Republic,Total,2011.0,"UN_Joint United Nations Programme on HIV/AIDS (UNAIDS), Report on the Global AIDS Epidemic estimates, 2012",Thousand,10,
Latin America and Caribbean,Female 15+ yr,2011.0,"UN_Joint United Nations Programme on HIV/AIDS (UNAIDS), Report on the Global AIDS Epidemic estimates, 2012",Thousand,540,1.0
Latin America and Caribbean,Total,2011.0,"UN_Joint United Nations Programme on HIV/AIDS (UNAIDS), Report on the Global AIDS Epidemic estimates, 2012",Thousand,1600,1.0
Latin America and Caribbean,Total 0-14 yr,2011.0,"UN_Joint United Nations Programme on HIV/AIDS (UNAIDS), Report on the Global AIDS Epidemic estimates, 2012",Thousand,58,1.0
Latvia,Female 15+ yr,2011.0,"UN_Joint United Nations Programme on HIV/AIDS (UNAIDS), Report on the Global AIDS Epidemic estimates, 2012",Thousand,3,
Latvia,Total,2011.0,"UN_Joint United Nations Programme on HIV/AIDS (UNAIDS), Report on the Global AIDS Epidemic estimates, 2012",Thousand,9,
Least Developed Countries/Territories,Female 15+ yr,2011.0,"UN_Joint United Nations Programme on HIV/AIDS (UNAIDS), Report on the Global AIDS Epidemic estimates, 2012",Thousand,5000,1.0
Least Developed Countries/Territories,Total,2011.0,"UN_Joint United Nations Programme on HIV/AIDS (UNAIDS), Report on the Global AIDS Epidemic estimates, 2012",Thousand,10300,1.0
Least Developed Countries/Territories,Total 0-14 yr,2011.0,"UN_Joint United Nations Programme on HIV/AIDS (UNAIDS), Report on the Global AIDS Epidemic estimates, 2012",Thousand,1600,1.0
Lebanon,Female 15+ yr,2011.0,"UN_Joint United Nations Programme on HIV/AIDS (UNAIDS), Report on the Global AIDS Epidemic estimates, 2012",Thousand,1,
Lebanon,Total,2011.0,"UN_Joint United Nations Programme on HIV/AIDS (UNAIDS), Report on the Global AIDS Epidemic estimates, 2012",Thousand,3,
Lesotho,Female 15+ yr,2011.0,"UN_Joint United Nations Programme on HIV/AIDS (UNAIDS), Report on the Global AIDS Epidemic estimates, 2012",Thousand,170,
Lesotho,Total,2011.0,"UN_Joint United Nations Programme on HIV/AIDS (UNAIDS), Report on the Global AIDS Epidemic estimates, 2012",Thousand,320,
Lesotho,Total 0-14 yr,2011.0,"UN_Joint United Nations Programme on HIV/AIDS (UNAIDS), Report on the Global AIDS Epidemic estimates, 2012",Thousand,41,
Liberia,Female 15+ yr,2011.0,"UN_Joint United Nations Programme on HIV/AIDS (UNAIDS), Report on the Global AIDS Epidemic estimates, 2012",Thousand,12,
Liberia,Total,2011.0,"UN_Joint United Nations Programme on HIV/AIDS (UNAIDS), Report on the Global AIDS Epidemic estimates, 2012",Thousand,25,
Liberia,Total 0-14 yr,2011.0,"UN_Joint United Nations Programme on HIV/AIDS (UNAIDS), Report on the Global AIDS Epidemic estimates, 2012",Thousand,5,
Lithuania,Female 15+ yr,2011.0,"UN_Joint United Nations Programme on HIV/AIDS (UNAIDS), Report on the Global AIDS Epidemic estimates, 2012",Thousand,<0.5,
Lithuania,Total,2011.0,"UN_Joint United Nations Programme on HIV/AIDS (UNAIDS), Report on the Global AIDS Epidemic estimates, 2012",Thousand,2,
Luxembourg,Female 15+ yr,2011.0,"UN_Joint United Nations Programme on HIV/AIDS (UNAIDS), Report on the Global AIDS Epidemic estimates, 2012",Thousand,<0.5,
Luxembourg,Total,2011.0,"UN_Joint United Nations Programme on HIV/AIDS (UNAIDS), Report on the Global AIDS Epidemic estimates, 2012",Thousand,<1,
Madagascar,Female 15+ yr,2011.0,"UN_Joint United Nations Programme on HIV/AIDS (UNAIDS), Report on the Global AIDS Epidemic estimates, 2012",Thousand,10,
Madagascar,Total,2011.0,"UN_Joint United Nations Programme on HIV/AIDS (UNAIDS), Report on the Global AIDS Epidemic estimates, 2012",Thousand,34,
Malawi,Female 15+ yr,2011.0,"UN_Joint United Nations Programme on HIV/AIDS (UNAIDS), Report on the Global AIDS Epidemic estimates, 2012",Thousand,430,
Malawi,Total,2011.0,"UN_Joint United Nations Programme on HIV/AIDS (UNAIDS), Report on the Global AIDS Epidemic estimates, 2012",Thousand,910,
Malawi,Total 0-14 yr,2011.0,"UN_Joint United Nations Programme on HIV/AIDS (UNAIDS), Report on the Global AIDS Epidemic estimates, 2012",Thousand,170,
Malaysia,Female 15+ yr,2011.0,"UN_Joint United Nations Programme on HIV/AIDS (UNAIDS), Report on the Global AIDS Epidemic estimates, 2012",Thousand,8,
Malaysia,Total,2011.0,"UN_Joint United Nations Programme on HIV/AIDS (UNAIDS), Report on the Global AIDS Epidemic estimates, 2012",Thousand,81,
Maldives,Female 15+ yr,2011.0,"UN_Joint United Nations Programme on HIV/AIDS (UNAIDS), Report on the Global AIDS Epidemic estimates, 2012",Thousand,<0.1,
Maldives,Total,2011.0,"UN_Joint United Nations Programme on HIV/AIDS (UNAIDS), Report on the Global AIDS Epidemic estimates, 2012",Thousand,<0.1,
Mali,Female 15+ yr,2011.0,"UN_Joint United Nations Programme on HIV/AIDS (UNAIDS), Report on the Global AIDS Epidemic estimates, 2012",Thousand,55,
Mali,Total,2011.0,"UN_Joint United Nations Programme on HIV/AIDS (UNAIDS), Report on the Global AIDS Epidemic estimates, 2012",Thousand,110,
Malta,Female 15+ yr,2011.0,"UN_Joint United Nations Programme on HIV/AIDS (UNAIDS), Report on the Global AIDS Epidemic estimates, 2012",Thousand,<0.1,
Malta,Total,2011.0,"UN_Joint United Nations Programme on HIV/AIDS (UNAIDS), Report on the Global AIDS Epidemic estimates, 2012",Thousand,<0.5,
Mauritania,Female 15+ yr,2011.0,"UN_Joint United Nations Programme on HIV/AIDS (UNAIDS), Report on the Global AIDS Epidemic estimates, 2012",Thousand,13,
Mauritania,Total,2011.0,"UN_Joint United Nations Programme on HIV/AIDS (UNAIDS), Report on the Global AIDS Epidemic estimates, 2012",Thousand,24,
Mauritius,Female 15+ yr,2011.0,"UN_Joint United Nations Programme on HIV/AIDS (UNAIDS), Report on the Global AIDS Epidemic estimates, 2012",Thousand,2,
Mauritius,Total,2011.0,"UN_Joint United Nations Programme on HIV/AIDS (UNAIDS), Report on the Global AIDS Epidemic estimates, 2012",Thousand,7,
Mexico,Female 15+ yr,2011.0,"UN_Joint United Nations Programme on HIV/AIDS (UNAIDS), Report on the Global AIDS Epidemic estimates, 2012",Thousand,32,
Mexico,Total,2011.0,"UN_Joint United Nations Programme on HIV/AIDS (UNAIDS), Report on the Global AIDS Epidemic estimates, 2012",Thousand,180,
Middle East and North Africa,Female 15+ yr,2011.0,"UN_Joint United Nations Programme on HIV/AIDS (UNAIDS), Report on the Global AIDS Epidemic estimates, 2012",Thousand,74,1.0
Middle East and North Africa,Total,2011.0,"UN_Joint United Nations Programme on HIV/AIDS (UNAIDS), Report on the Global AIDS Epidemic estimates, 2012",Thousand,260,1.0
Middle East and North Africa,Total 0-14 yr,2011.0,"UN_Joint United Nations Programme on HIV/AIDS (UNAIDS), Report on the Global AIDS Epidemic estimates, 2012",Thousand,32,1.0
Mongolia,Female 15+ yr,2011.0,"UN_Joint United Nations Programme on HIV/AIDS (UNAIDS), Report on the Global AIDS Epidemic estimates, 2012",Thousand,<0.5,
Mongolia,Total,2011.0,"UN_Joint United Nations Programme on HIV/AIDS (UNAIDS), Report on the Global AIDS Epidemic estimates, 2012",Thousand,<1,
Morocco,Female 15+ yr,2011.0,"UN_Joint United Nations Programme on HIV/AIDS (UNAIDS), Report on the Global AIDS Epidemic estimates, 2012",Thousand,15,
Morocco,Total,2011.0,"UN_Joint United Nations Programme on HIV/AIDS (UNAIDS), Report on the Global AIDS Epidemic estimates, 2012",Thousand,32,
Mozambique,Female 15+ yr,2011.0,"UN_Joint United Nations Programme on HIV/AIDS (UNAIDS), Report on the Global AIDS Epidemic estimates, 2012",Thousand,750,
Mozambique,Total,2011.0,"UN_Joint United Nations Programme on HIV/AIDS (UNAIDS), Report on the Global AIDS Epidemic estimates, 2012",Thousand,1400,
Mozambique,Total 0-14 yr,2011.0,"UN_Joint United Nations Programme on HIV/AIDS (UNAIDS), Report on the Global AIDS Epidemic estimates, 2012",Thousand,200,
Myanmar,Female 15+ yr,2011.0,"UN_Joint United Nations Programme on HIV/AIDS (UNAIDS), Report on the Global AIDS Epidemic estimates, 2012",Thousand,77,
Myanmar,Total,2011.0,"UN_Joint United Nations Programme on HIV/AIDS (UNAIDS), Report on the Global AIDS Epidemic estimates, 2012",Thousand,220,
Namibia,Female 15+ yr,2011.0,"UN_Joint United Nations Programme on HIV/AIDS (UNAIDS), Report on the Global AIDS Epidemic estimates, 2012",Thousand,100,
Namibia,Total,2011.0,"UN_Joint United Nations Programme on HIV/AIDS (UNAIDS), Report on the Global AIDS Epidemic estimates, 2012",Thousand,190,
Namibia,Total 0-14 yr,2011.0,"UN_Joint United Nations Programme on HIV/AIDS (UNAIDS), Report on the Global AIDS Epidemic estimates, 2012",Thousand,20,
Nepal,Female 15+ yr,2011.0,"UN_Joint United Nations Programme on HIV/AIDS (UNAIDS), Report on the Global AIDS Epidemic estimates, 2012",Thousand,10,
Nepal,Total,2011.0,"UN_Joint United Nations Programme on HIV/AIDS (UNAIDS), Report on the Global AIDS Epidemic estimates, 2012",Thousand,49,
Netherlands,Female 15+ yr,2011.0,"UN_Joint United Nations Programme on HIV/AIDS (UNAIDS), Report on the Global AIDS Epidemic estimates, 2012",Thousand,8,
Netherlands,Total,2011.0,"UN_Joint United Nations Programme on HIV/AIDS (UNAIDS), Report on the Global AIDS Epidemic estimates, 2012",Thousand,25,
New Zealand,Female 15+ yr,2011.0,"UN_Joint United Nations Programme on HIV/AIDS (UNAIDS), Report on the Global AIDS Epidemic estimates, 2012",Thousand,<1,
New Zealand,Total,2011.0,"UN_Joint United Nations Programme on HIV/AIDS (UNAIDS), Report on the Global AIDS Epidemic estimates, 2012",Thousand,3,
Nicaragua,Female 15+ yr,2011.0,"UN_Joint United Nations Programme on HIV/AIDS (UNAIDS), Report on the Global AIDS Epidemic estimates, 2012",Thousand,5,
Nicaragua,Total,2011.0,"UN_Joint United Nations Programme on HIV/AIDS (UNAIDS), Report on the Global AIDS Epidemic estimates, 2012",Thousand,8,
Niger,Female 15+ yr,2011.0,"UN_Joint United Nations Programme on HIV/AIDS (UNAIDS), Report on the Global AIDS Epidemic estimates, 2012",Thousand,33,
Niger,Total,2011.0,"UN_Joint United Nations Programme on HIV/AIDS (UNAIDS), Report on the Global AIDS Epidemic estimates, 2012",Thousand,65,
Nigeria,Female 15+ yr,2011.0,"UN_Joint United Nations Programme on HIV/AIDS (UNAIDS), Report on the Global AIDS Epidemic estimates, 2012",Thousand,1700,
Nigeria,Total,2011.0,"UN_Joint United Nations Programme on HIV/AIDS (UNAIDS), Report on the Global AIDS Epidemic estimates, 2012",Thousand,3400,
Nigeria,Total 0-14 yr,2011.0,"UN_Joint United Nations Programme on HIV/AIDS (UNAIDS), Report on the Global AIDS Epidemic estimates, 2012",Thousand,440,
Norway,Female 15+ yr,2011.0,"UN_Joint United Nations Programme on HIV/AIDS (UNAIDS), Report on the Global AIDS Epidemic estimates, 2012",Thousand,1,
Norway,Total,2011.0,"UN_Joint United Nations Programme on HIV/AIDS (UNAIDS), Report on the Global AIDS Epidemic estimates, 2012",Thousand,5,
Pakistan,Female 15+ yr,2011.0,"UN_Joint United Nations Programme on HIV/AIDS (UNAIDS), Report on the Global AIDS Epidemic estimates, 2012",Thousand,28,
Pakistan,Total,2011.0,"UN_Joint United Nations Programme on HIV/AIDS (UNAIDS), Report on the Global AIDS Epidemic estimates, 2012",Thousand,130,
Panama,Female 15+ yr,2011.0,"UN_Joint United Nations Programme on HIV/AIDS (UNAIDS), Report on the Global AIDS Epidemic estimates, 2012",Thousand,4,
Panama,Total,2011.0,"UN_Joint United Nations Programme on HIV/AIDS (UNAIDS), Report on the Global AIDS Epidemic estimates, 2012",Thousand,18,
Papua New Guinea,Female 15+ yr,2011.0,"UN_Joint United Nations Programme on HIV/AIDS (UNAIDS), Report on the Global AIDS Epidemic estimates, 2012",Thousand,12,
Papua New Guinea,Total,2011.0,"UN_Joint United Nations Programme on HIV/AIDS (UNAIDS), Report on the Global AIDS Epidemic estimates, 2012",Thousand,28,
Papua New Guinea,Total 0-14 yr,2011.0,"UN_Joint United Nations Programme on HIV/AIDS (UNAIDS), Report on the Global AIDS Epidemic estimates, 2012",Thousand,4,
Paraguay,Female 15+ yr,2011.0,"UN_Joint United Nations Programme on HIV/AIDS (UNAIDS), Report on the Global AIDS Epidemic estimates, 2012",Thousand,4,
Paraguay,Total,2011.0,"UN_Joint United Nations Programme on HIV/AIDS (UNAIDS), Report on the Global AIDS Epidemic estimates, 2012",Thousand,13,
Peru,Female 15+ yr,2011.0,"UN_Joint United Nations Programme on HIV/AIDS (UNAIDS), Report on the Global AIDS Epidemic estimates, 2012",Thousand,20,
Peru,Total,2011.0,"UN_Joint United Nations Programme on HIV/AIDS (UNAIDS), Report on the Global AIDS Epidemic estimates, 2012",Thousand,74,
Philippines,Female 15+ yr,2011.0,"UN_Joint United Nations Programme on HIV/AIDS (UNAIDS), Report on the Global AIDS Epidemic estimates, 2012",Thousand,4,
Philippines,Total,2011.0,"UN_Joint United Nations Programme on HIV/AIDS (UNAIDS), Report on the Global AIDS Epidemic estimates, 2012",Thousand,19,
Poland,Female 15+ yr,2011.0,"UN_Joint United Nations Programme on HIV/AIDS (UNAIDS), Report on the Global AIDS Epidemic estimates, 2012",Thousand,10,
Poland,Total,2011.0,"UN_Joint United Nations Programme on HIV/AIDS (UNAIDS), Report on the Global AIDS Epidemic estimates, 2012",Thousand,35,
Portugal,Female 15+ yr,2011.0,"UN_Joint United Nations Programme on HIV/AIDS (UNAIDS), Report on the Global AIDS Epidemic estimates, 2012",Thousand,14,
Portugal,Total,2011.0,"UN_Joint United Nations Programme on HIV/AIDS (UNAIDS), Report on the Global AIDS Epidemic estimates, 2012",Thousand,48,
Republic of Korea,Female 15+ yr,2011.0,"UN_Joint United Nations Programme on HIV/AIDS (UNAIDS), Report on the Global AIDS Epidemic estimates, 2012",Thousand,4,
Republic of Korea,Total,2011.0,"UN_Joint United Nations Programme on HIV/AIDS (UNAIDS), Report on the Global AIDS Epidemic estimates, 2012",Thousand,15,
Republic of Moldova,Female 15+ yr,2011.0,"UN_Joint United Nations Programme on HIV/AIDS (UNAIDS), Report on the Global AIDS Epidemic estimates, 2012",Thousand,6,
Republic of Moldova,Total,2011.0,"UN_Joint United Nations Programme on HIV/AIDS (UNAIDS), Report on the Global AIDS Epidemic estimates, 2012",Thousand,15,
Romania,Female 15+ yr,2011.0,"UN_Joint United Nations Programme on HIV/AIDS (UNAIDS), Report on the Global AIDS Epidemic estimates, 2012",Thousand,5,
Romania,Total,2011.0,"UN_Joint United Nations Programme on HIV/AIDS (UNAIDS), Report on the Global AIDS Epidemic estimates, 2012",Thousand,16,
Rwanda,Female 15+ yr,2011.0,"UN_Joint United Nations Programme on HIV/AIDS (UNAIDS), Report on the Global AIDS Epidemic estimates, 2012",Thousand,110,
Rwanda,Total,2011.0,"UN_Joint United Nations Programme on HIV/AIDS (UNAIDS), Report on the Global AIDS Epidemic estimates, 2012",Thousand,210,
Rwanda,Total 0-14 yr,2011.0,"UN_Joint United Nations Programme on HIV/AIDS (UNAIDS), Report on the Global AIDS Epidemic estimates, 2012",Thousand,27,
Sao Tome and Principe,Female 15+ yr,2011.0,"UN_Joint United Nations Programme on HIV/AIDS (UNAIDS), Report on the Global AIDS Epidemic estimates, 2012",Thousand,<0.5,
Sao Tome and Principe,Total,2011.0,"UN_Joint United Nations Programme on HIV/AIDS (UNAIDS), Report on the Global AIDS Epidemic estimates, 2012",Thousand,<1,
Senegal,Female 15+ yr,2011.0,"UN_Joint United Nations Programme on HIV/AIDS (UNAIDS), Report on the Global AIDS Epidemic estimates, 2012",Thousand,28,
Senegal,Total,2011.0,"UN_Joint United Nations Programme on HIV/AIDS (UNAIDS), Report on the Global AIDS Epidemic estimates, 2012",Thousand,53,
Serbia,Female 15+ yr,2011.0,"UN_Joint United Nations Programme on HIV/AIDS (UNAIDS), Report on the Global AIDS Epidemic estimates, 2012",Thousand,<1,
Serbia,Total,2011.0,"UN_Joint United Nations Programme on HIV/AIDS (UNAIDS), Report on the Global AIDS Epidemic estimates, 2012",Thousand,4,
Sierra Leone,Female 15+ yr,2011.0,"UN_Joint United Nations Programme on HIV/AIDS (UNAIDS), Report on the Global AIDS Epidemic estimates, 2012",Thousand,27,
Sierra Leone,Total,2011.0,"UN_Joint United Nations Programme on HIV/AIDS (UNAIDS), Report on the Global AIDS Epidemic estimates, 2012",Thousand,49,
Sierra Leone,Total 0-14 yr,2011.0,"UN_Joint United Nations Programme on HIV/AIDS (UNAIDS), Report on the Global AIDS Epidemic estimates, 2012",Thousand,4,
Singapore,Female 15+ yr,2011.0,"UN_Joint United Nations Programme on HIV/AIDS (UNAIDS), Report on the Global AIDS Epidemic estimates, 2012",Thousand,1,
Singapore,Total,2011.0,"UN_Joint United Nations Programme on HIV/AIDS (UNAIDS), Report on the Global AIDS Epidemic estimates, 2012",Thousand,3,
Slovakia,Female 15+ yr,2011.0,"UN_Joint United Nations Programme on HIV/AIDS (UNAIDS), Report on the Global AIDS Epidemic estimates, 2012",Thousand,<0.2,
Slovakia,Total,2011.0,"UN_Joint United Nations Programme on HIV/AIDS (UNAIDS), Report on the Global AIDS Epidemic estimates, 2012",Thousand,<0.5,
Slovenia,Female 15+ yr,2011.0,"UN_Joint United Nations Programme on HIV/AIDS (UNAIDS), Report on the Global AIDS Epidemic estimates, 2012",Thousand,<0.2,
Slovenia,Total,2011.0,"UN_Joint United Nations Programme on HIV/AIDS (UNAIDS), Report on the Global AIDS Epidemic estimates, 2012",Thousand,<1,
Somalia,Female 15+ yr,2011.0,"UN_Joint United Nations Programme on HIV/AIDS (UNAIDS), Report on the Global AIDS Epidemic estimates, 2012",Thousand,15,
Somalia,Total,2011.0,"UN_Joint United Nations Programme on HIV/AIDS (UNAIDS), Report on the Global AIDS Epidemic estimates, 2012",Thousand,35,
South Africa,Female 15+ yr,2011.0,"UN_Joint United Nations Programme on HIV/AIDS (UNAIDS), Report on the Global AIDS Epidemic estimates, 2012",Thousand,2900,
South Africa,Total,2011.0,"UN_Joint United Nations Programme on HIV/AIDS (UNAIDS), Report on the Global AIDS Epidemic estimates, 2012",Thousand,5600,
South Africa,Total 0-14 yr,2011.0,"UN_Joint United Nations Programme on HIV/AIDS (UNAIDS), Report on the Global AIDS Epidemic estimates, 2012",Thousand,460,
South Asia,Female 15+ yr,2011.0,"UN_Joint United Nations Programme on HIV/AIDS (UNAIDS), Report on the Global AIDS Epidemic estimates, 2012",Thousand,890,1.0
South Asia,Total,2011.0,"UN_Joint United Nations Programme on HIV/AIDS (UNAIDS), Report on the Global AIDS Epidemic estimates, 2012",Thousand,2500,1.0
South Asia,Total 0-14 yr,2011.0,"UN_Joint United Nations Programme on HIV/AIDS (UNAIDS), Report on the Global AIDS Epidemic estimates, 2012",Thousand,110,1.0
South Sudan,Female 15+ yr,2011.0,"UN_Joint United Nations Programme on HIV/AIDS (UNAIDS), Report on the Global AIDS Epidemic estimates, 2012",Thousand,77,2.0
South Sudan,Total,2011.0,"UN_Joint United Nations Programme on HIV/AIDS (UNAIDS), Report on the Global AIDS Epidemic estimates, 2012",Thousand,150,2.0
South Sudan,Total 0-14 yr,2011.0,"UN_Joint United Nations Programme on HIV/AIDS (UNAIDS), Report on the Global AIDS Epidemic estimates, 2012",Thousand,16,2.0
Spain,Female 15+ yr,2011.0,"UN_Joint United Nations Programme on HIV/AIDS (UNAIDS), Report on the Global AIDS Epidemic estimates, 2012",Thousand,35,
Spain,Total,2011.0,"UN_Joint United Nations Programme on HIV/AIDS (UNAIDS), Report on the Global AIDS Epidemic estimates, 2012",Thousand,150,
Sri Lanka,Female 15+ yr,2011.0,"UN_Joint United Nations Programme on HIV/AIDS (UNAIDS), Report on the Global AIDS Epidemic estimates, 2012",Thousand,1,
Sri Lanka,Total,2011.0,"UN_Joint United Nations Programme on HIV/AIDS (UNAIDS), Report on the Global AIDS Epidemic estimates, 2012",Thousand,4,
Sub-Saharan Africa,Female 15+ yr,2011.0,"UN_Joint United Nations Programme on HIV/AIDS (UNAIDS), Report on the Global AIDS Epidemic estimates, 2012",Thousand,11800,1.0
Sub-Saharan Africa,Total,2011.0,"UN_Joint United Nations Programme on HIV/AIDS (UNAIDS), Report on the Global AIDS Epidemic estimates, 2012",Thousand,23500,1.0
Sub-Saharan Africa,Total 0-14 yr,2011.0,"UN_Joint United Nations Programme on HIV/AIDS (UNAIDS), Report on the Global AIDS Epidemic estimates, 2012",Thousand,3100,1.0
Sudan,Female 15+ yr,2011.0,"UN_Joint United Nations Programme on HIV/AIDS (UNAIDS), Report on the Global AIDS Epidemic estimates, 2012",Thousand,22,2.0
Sudan,Total,2011.0,"UN_Joint United Nations Programme on HIV/AIDS (UNAIDS), Report on the Global AIDS Epidemic estimates, 2012",Thousand,69,2.0
Suriname,Female 15+ yr,2011.0,"UN_Joint United Nations Programme on HIV/AIDS (UNAIDS), Report on the Global AIDS Epidemic estimates, 2012",Thousand,2,
Suriname,Total,2011.0,"UN_Joint United Nations Programme on HIV/AIDS (UNAIDS), Report on the Global AIDS Epidemic estimates, 2012",Thousand,3,
Swaziland,Female 15+ yr,2011.0,"UN_Joint United Nations Programme on HIV/AIDS (UNAIDS), Report on the Global AIDS Epidemic estimates, 2012",Thousand,100,
Swaziland,Total,2011.0,"UN_Joint United Nations Programme on HIV/AIDS (UNAIDS), Report on the Global AIDS Epidemic estimates, 2012",Thousand,190,
Swaziland,Total 0-14 yr,2011.0,"UN_Joint United Nations Programme on HIV/AIDS (UNAIDS), Report on the Global AIDS Epidemic estimates, 2012",Thousand,17,
Sweden,Female 15+ yr,2011.0,"UN_Joint United Nations Programme on HIV/AIDS (UNAIDS), Report on the Global AIDS Epidemic estimates, 2012",Thousand,3,
Sweden,Total,2011.0,"UN_Joint United Nations Programme on HIV/AIDS (UNAIDS), Report on the Global AIDS Epidemic estimates, 2012",Thousand,9,
Switzerland,Female 15+ yr,2011.0,"UN_Joint United Nations Programme on HIV/AIDS (UNAIDS), Report on the Global AIDS Epidemic estimates, 2012",Thousand,6,
Switzerland,Total,2011.0,"UN_Joint United Nations Programme on HIV/AIDS (UNAIDS), Report on the Global AIDS Epidemic estimates, 2012",Thousand,20,
Tajikistan,Female 15+ yr,2011.0,"UN_Joint United Nations Programme on HIV/AIDS (UNAIDS), Report on the Global AIDS Epidemic estimates, 2012",Thousand,4,
Tajikistan,Total,2011.0,"UN_Joint United Nations Programme on HIV/AIDS (UNAIDS), Report on the Global AIDS Epidemic estimates, 2012",Thousand,11,
Thailand,Female 15+ yr,2011.0,"UN_Joint United Nations Programme on HIV/AIDS (UNAIDS), Report on the Global AIDS Epidemic estimates, 2012",Thousand,200,
Thailand,Total,2011.0,"UN_Joint United Nations Programme on HIV/AIDS (UNAIDS), Report on the Global AIDS Epidemic estimates, 2012",Thousand,490,
Togo,Female 15+ yr,2011.0,"UN_Joint United Nations Programme on HIV/AIDS (UNAIDS), Report on the Global AIDS Epidemic estimates, 2012",Thousand,73,
Togo,Total,2011.0,"UN_Joint United Nations Programme on HIV/AIDS (UNAIDS), Report on the Global AIDS Epidemic estimates, 2012",Thousand,150,
Togo,Total 0-14 yr,2011.0,"UN_Joint United Nations Programme on HIV/AIDS (UNAIDS), Report on the Global AIDS Epidemic estimates, 2012",Thousand,19,
Trinidad and Tobago,Female 15+ yr,2011.0,"UN_Joint United Nations Programme on HIV/AIDS (UNAIDS), Report on the Global AIDS Epidemic estimates, 2012",Thousand,7,
Trinidad and Tobago,Total,2011.0,"UN_Joint United Nations Programme on HIV/AIDS (UNAIDS), Report on the Global AIDS Epidemic estimates, 2012",Thousand,13,
Tunisia,Female 15+ yr,2011.0,"UN_Joint United Nations Programme on HIV/AIDS (UNAIDS), Report on the Global AIDS Epidemic estimates, 2012",Thousand,<0.5,
Tunisia,Total,2011.0,"UN_Joint United Nations Programme on HIV/AIDS (UNAIDS), Report on the Global AIDS Epidemic estimates, 2012",Thousand,2,
Turkey,Female 15+ yr,2011.0,"UN_Joint United Nations Programme on HIV/AIDS (UNAIDS), Report on the Global AIDS Epidemic estimates, 2012",Thousand,2,
Turkey,Total,2011.0,"UN_Joint United Nations Programme on HIV/AIDS (UNAIDS), Report on the Global AIDS Epidemic estimates, 2012",Thousand,6,
Uganda,Female 15+ yr,2011.0,"UN_Joint United Nations Programme on HIV/AIDS (UNAIDS), Report on the Global AIDS Epidemic estimates, 2012",Thousand,670,
Uganda,Total,2011.0,"UN_Joint United Nations Programme on HIV/AIDS (UNAIDS), Report on the Global AIDS Epidemic estimates, 2012",Thousand,1400,
Uganda,Total 0-14 yr,2011.0,"UN_Joint United Nations Programme on HIV/AIDS (UNAIDS), Report on the Global AIDS Epidemic estimates, 2012",Thousand,190,
Ukraine,Female 15+ yr,2011.0,"UN_Joint United Nations Programme on HIV/AIDS (UNAIDS), Report on the Global AIDS Epidemic estimates, 2012",Thousand,94,
Ukraine,Total,2011.0,"UN_Joint United Nations Programme on HIV/AIDS (UNAIDS), Report on the Global AIDS Epidemic estimates, 2012",Thousand,230,
United Kingdom,Female 15+ yr,2011.0,"UN_Joint United Nations Programme on HIV/AIDS (UNAIDS), Report on the Global AIDS Epidemic estimates, 2012",Thousand,29,
United Kingdom,Total,2011.0,"UN_Joint United Nations Programme on HIV/AIDS (UNAIDS), Report on the Global AIDS Epidemic estimates, 2012",Thousand,94,
United Republic of Tanzania,Female 15+ yr,2011.0,"UN_Joint United Nations Programme on HIV/AIDS (UNAIDS), Report on the Global AIDS Epidemic estimates, 2012",Thousand,760,
United Republic of Tanzania,Total,2011.0,"UN_Joint United Nations Programme on HIV/AIDS (UNAIDS), Report on the Global AIDS Epidemic estimates, 2012",Thousand,1600,
United Republic of Tanzania,Total 0-14 yr,2011.0,"UN_Joint United Nations Programme on HIV/AIDS (UNAIDS), Report on the Global AIDS Epidemic estimates, 2012",Thousand,230,
United States,Female 15+ yr,2011.0,"UN_Joint United Nations Programme on HIV/AIDS (UNAIDS), Report on the Global AIDS Epidemic estimates, 2012",Thousand,300,
United States,Total,2011.0,"UN_Joint United Nations Programme on HIV/AIDS (UNAIDS), Report on the Global AIDS Epidemic estimates, 2012",Thousand,1300,
Uruguay,Female 15+ yr,2011.0,"UN_Joint United Nations Programme on HIV/AIDS (UNAIDS), Report on the Global AIDS Epidemic estimates, 2012",Thousand,4,
Uruguay,Total,2011.0,"UN_Joint United Nations Programme on HIV/AIDS (UNAIDS), Report on the Global AIDS Epidemic estimates, 2012",Thousand,12,
Venezuela (Bolivarian Republic of),Female 15+ yr,2011.0,"UN_Joint United Nations Programme on HIV/AIDS (UNAIDS), Report on the Global AIDS Epidemic estimates, 2012",Thousand,25,
Venezuela (Bolivarian Republic of),Total,2011.0,"UN_Joint United Nations Programme on HIV/AIDS (UNAIDS), Report on the Global AIDS Epidemic estimates, 2012",Thousand,99,
Viet Nam,Female 15+ yr,2011.0,"UN_Joint United Nations Programme on HIV/AIDS (UNAIDS), Report on the Global AIDS Epidemic estimates, 2012",Thousand,48,
Viet Nam,Total,2011.0,"UN_Joint United Nations Programme on HIV/AIDS (UNAIDS), Report on the Global AIDS Epidemic estimates, 2012",Thousand,250,
Western and Central Africa,Female 15+ yr,2011.0,"UN_Joint United Nations Programme on HIV/AIDS (UNAIDS), Report on the Global AIDS Epidemic estimates, 2012",Thousand,3200,1.0
Western and Central Africa,Total,2011.0,"UN_Joint United Nations Programme on HIV/AIDS (UNAIDS), Report on the Global AIDS Epidemic estimates, 2012",Thousand,6300,1.0
Western and Central Africa,Total 0-14 yr,2011.0,"UN_Joint United Nations Programme on HIV/AIDS (UNAIDS), Report on the Global AIDS Epidemic estimates, 2012",Thousand,850,1.0
World,Female 15+ yr,2011.0,"UN_Joint United Nations Programme on HIV/AIDS (UNAIDS), Report on the Global AIDS Epidemic estimates, 2012",Thousand,15000,1.0
World,Total,2011.0,"UN_Joint United Nations Programme on HIV/AIDS (UNAIDS), Report on the Global AIDS Epidemic estimates, 2012",Thousand,34000,1.0
World,Total 0-14 yr,2011.0,"UN_Joint United Nations Programme on HIV/AIDS (UNAIDS), Report on the Global AIDS Epidemic estimates, 2012",Thousand,3400,1.0
Yemen,Female 15+ yr,2011.0,"UN_Joint United Nations Programme on HIV/AIDS (UNAIDS), Report on the Global AIDS Epidemic estimates, 2012",Thousand,9,
Yemen,Total,2011.0,"UN_Joint United Nations Programme on HIV/AIDS (UNAIDS), Report on the Global AIDS Epidemic estimates, 2012",Thousand,22,
Zambia,Female 15+ yr,2011.0,"UN_Joint United Nations Programme on HIV/AIDS (UNAIDS), Report on the Global AIDS Epidemic estimates, 2012",Thousand,460,
Zambia,Total,2011.0,"UN_Joint United Nations Programme on HIV/AIDS (UNAIDS), Report on the Global AIDS Epidemic estimates, 2012",Thousand,970,
Zambia,Total 0-14 yr,2011.0,"UN_Joint United Nations Programme on HIV/AIDS (UNAIDS), Report on the Global AIDS Epidemic estimates, 2012",Thousand,170,
Zimbabwe,Female 15+ yr,2011.0,"UN_Joint United Nations Programme on HIV/AIDS (UNAIDS), Report on the Global AIDS Epidemic estimates, 2012",Thousand,600,
Zimbabwe,Total,2011.0,"UN_Joint United Nations Programme on HIV/AIDS (UNAIDS), Report on the Global AIDS Epidemic estimates, 2012",Thousand,1200,
Zimbabwe,Total 0-14 yr,2011.0,"UN_Joint United Nations Programme on HIV/AIDS (UNAIDS), Report on the Global AIDS Epidemic estimates, 2012",Thousand,200,
fnSeqID,Footnote,,,,,
1,"For a complete list of countries and territories in the regions, subregions and country categories, see page XX.",,,,,
2,"Due to the cession in July 2011 of the Republic of South Sudan by the Republic of the Sudan, and its subsequent admission to the UN on 14 July 2011, disaggregated data for Sudan and South Sudan as separate States are not yet available for all indicators. In these cases, aggregated data are presented for Sudan pre-cession (see Memorandum item).",,,,,
