Country or Area,Subgroup,Year,Source,Unit,Reduction in under-five mortality rate,Reduction in under-five mortality rate Footnotes
Afghanistan,Total,2000.0,"UN_Inter-agency Group for Child Mortality Estimation (UNICEF, World Health Organization, United Nations Population Division and the World Bank)",Percent,26.0,1.0
Afghanistan,Total,1990.0,"UN_Inter-agency Group for Child Mortality Estimation (UNICEF, World Health Organization, United Nations Population Division and the World Bank)",Percent,47.0,1.0
Albania,Total,2000.0,"UN_Inter-agency Group for Child Mortality Estimation (UNICEF, World Health Organization, United Nations Population Division and the World Bank)",Percent,46.0,1.0
Albania,Total,1990.0,"UN_Inter-agency Group for Child Mortality Estimation (UNICEF, World Health Organization, United Nations Population Division and the World Bank)",Percent,65.0,1.0
Algeria,Total,2000.0,"UN_Inter-agency Group for Child Mortality Estimation (UNICEF, World Health Organization, United Nations Population Division and the World Bank)",Percent,35.0,1.0
Algeria,Total,1990.0,"UN_Inter-agency Group for Child Mortality Estimation (UNICEF, World Health Organization, United Nations Population Division and the World Bank)",Percent,55.0,1.0
Andorra,Total,2000.0,"UN_Inter-agency Group for Child Mortality Estimation (UNICEF, World Health Organization, United Nations Population Division and the World Bank)",Percent,34.0,1.0
Andorra,Total,1990.0,"UN_Inter-agency Group for Child Mortality Estimation (UNICEF, World Health Organization, United Nations Population Division and the World Bank)",Percent,60.0,1.0
Angola,Total,2000.0,"UN_Inter-agency Group for Child Mortality Estimation (UNICEF, World Health Organization, United Nations Population Division and the World Bank)",Percent,21.0,1.0
Angola,Total,1990.0,"UN_Inter-agency Group for Child Mortality Estimation (UNICEF, World Health Organization, United Nations Population Division and the World Bank)",Percent,35.0,1.0
Antigua and Barbuda,Total,2000.0,"UN_Inter-agency Group for Child Mortality Estimation (UNICEF, World Health Organization, United Nations Population Division and the World Bank)",Percent,49.0,1.0
Antigua and Barbuda,Total,1990.0,"UN_Inter-agency Group for Child Mortality Estimation (UNICEF, World Health Organization, United Nations Population Division and the World Bank)",Percent,72.0,1.0
Argentina,Total,2000.0,"UN_Inter-agency Group for Child Mortality Estimation (UNICEF, World Health Organization, United Nations Population Division and the World Bank)",Percent,31.0,1.0
Argentina,Total,1990.0,"UN_Inter-agency Group for Child Mortality Estimation (UNICEF, World Health Organization, United Nations Population Division and the World Bank)",Percent,49.0,1.0
Armenia,Total,2000.0,"UN_Inter-agency Group for Child Mortality Estimation (UNICEF, World Health Organization, United Nations Population Division and the World Bank)",Percent,41.0,1.0
Armenia,Total,1990.0,"UN_Inter-agency Group for Child Mortality Estimation (UNICEF, World Health Organization, United Nations Population Division and the World Bank)",Percent,63.0,1.0
Australia,Total,2000.0,"UN_Inter-agency Group for Child Mortality Estimation (UNICEF, World Health Organization, United Nations Population Division and the World Bank)",Percent,27.0,1.0
Australia,Total,1990.0,"UN_Inter-agency Group for Child Mortality Estimation (UNICEF, World Health Organization, United Nations Population Division and the World Bank)",Percent,51.0,1.0
Austria,Total,2000.0,"UN_Inter-agency Group for Child Mortality Estimation (UNICEF, World Health Organization, United Nations Population Division and the World Bank)",Percent,25.0,1.0
Austria,Total,1990.0,"UN_Inter-agency Group for Child Mortality Estimation (UNICEF, World Health Organization, United Nations Population Division and the World Bank)",Percent,55.0,1.0
Azerbaijan,Total,2000.0,"UN_Inter-agency Group for Child Mortality Estimation (UNICEF, World Health Organization, United Nations Population Division and the World Bank)",Percent,35.0,1.0
Azerbaijan,Total,1990.0,"UN_Inter-agency Group for Child Mortality Estimation (UNICEF, World Health Organization, United Nations Population Division and the World Bank)",Percent,53.0,1.0
Bahamas,Total,2000.0,"UN_Inter-agency Group for Child Mortality Estimation (UNICEF, World Health Organization, United Nations Population Division and the World Bank)",Percent,4.0,1.0
Bahamas,Total,1990.0,"UN_Inter-agency Group for Child Mortality Estimation (UNICEF, World Health Organization, United Nations Population Division and the World Bank)",Percent,26.0,1.0
Bahrain,Total,2000.0,"UN_Inter-agency Group for Child Mortality Estimation (UNICEF, World Health Organization, United Nations Population Division and the World Bank)",Percent,19.0,1.0
Bahrain,Total,1990.0,"UN_Inter-agency Group for Child Mortality Estimation (UNICEF, World Health Organization, United Nations Population Division and the World Bank)",Percent,51.0,1.0
Bangladesh,Total,2000.0,"UN_Inter-agency Group for Child Mortality Estimation (UNICEF, World Health Organization, United Nations Population Division and the World Bank)",Percent,45.0,1.0
Bangladesh,Total,1990.0,"UN_Inter-agency Group for Child Mortality Estimation (UNICEF, World Health Organization, United Nations Population Division and the World Bank)",Percent,67.0,1.0
Barbados,Total,2000.0,"UN_Inter-agency Group for Child Mortality Estimation (UNICEF, World Health Organization, United Nations Population Division and the World Bank)",Percent,-15.0,1.0
Barbados,Total,1990.0,"UN_Inter-agency Group for Child Mortality Estimation (UNICEF, World Health Organization, United Nations Population Division and the World Bank)",Percent,-10.0,1.0
Belarus,Total,2000.0,"UN_Inter-agency Group for Child Mortality Estimation (UNICEF, World Health Organization, United Nations Population Division and the World Bank)",Percent,59.0,1.0
Belarus,Total,1990.0,"UN_Inter-agency Group for Child Mortality Estimation (UNICEF, World Health Organization, United Nations Population Division and the World Bank)",Percent,67.0,1.0
Belgium,Total,2000.0,"UN_Inter-agency Group for Child Mortality Estimation (UNICEF, World Health Organization, United Nations Population Division and the World Bank)",Percent,26.0,1.0
Belgium,Total,1990.0,"UN_Inter-agency Group for Child Mortality Estimation (UNICEF, World Health Organization, United Nations Population Division and the World Bank)",Percent,57.0,1.0
Belize,Total,2000.0,"UN_Inter-agency Group for Child Mortality Estimation (UNICEF, World Health Organization, United Nations Population Division and the World Bank)",Percent,36.0,1.0
Belize,Total,1990.0,"UN_Inter-agency Group for Child Mortality Estimation (UNICEF, World Health Organization, United Nations Population Division and the World Bank)",Percent,62.0,1.0
Benin,Total,2000.0,"UN_Inter-agency Group for Child Mortality Estimation (UNICEF, World Health Organization, United Nations Population Division and the World Bank)",Percent,24.0,1.0
Benin,Total,1990.0,"UN_Inter-agency Group for Child Mortality Estimation (UNICEF, World Health Organization, United Nations Population Division and the World Bank)",Percent,40.0,1.0
Bhutan,Total,2000.0,"UN_Inter-agency Group for Child Mortality Estimation (UNICEF, World Health Organization, United Nations Population Division and the World Bank)",Percent,40.0,1.0
Bhutan,Total,1990.0,"UN_Inter-agency Group for Child Mortality Estimation (UNICEF, World Health Organization, United Nations Population Division and the World Bank)",Percent,61.0,1.0
Bolivia (Plurinational State of),Total,2000.0,"UN_Inter-agency Group for Child Mortality Estimation (UNICEF, World Health Organization, United Nations Population Division and the World Bank)",Percent,37.0,1.0
Bolivia (Plurinational State of),Total,1990.0,"UN_Inter-agency Group for Child Mortality Estimation (UNICEF, World Health Organization, United Nations Population Division and the World Bank)",Percent,58.0,1.0
Bosnia and Herzegovina,Total,2000.0,"UN_Inter-agency Group for Child Mortality Estimation (UNICEF, World Health Organization, United Nations Population Division and the World Bank)",Percent,20.0,1.0
Bosnia and Herzegovina,Total,1990.0,"UN_Inter-agency Group for Child Mortality Estimation (UNICEF, World Health Organization, United Nations Population Division and the World Bank)",Percent,59.0,1.0
Botswana,Total,2000.0,"UN_Inter-agency Group for Child Mortality Estimation (UNICEF, World Health Organization, United Nations Population Division and the World Bank)",Percent,68.0,1.0
Botswana,Total,1990.0,"UN_Inter-agency Group for Child Mortality Estimation (UNICEF, World Health Organization, United Nations Population Division and the World Bank)",Percent,51.0,1.0
Brazil,Total,2000.0,"UN_Inter-agency Group for Child Mortality Estimation (UNICEF, World Health Organization, United Nations Population Division and the World Bank)",Percent,56.0,1.0
Brazil,Total,1990.0,"UN_Inter-agency Group for Child Mortality Estimation (UNICEF, World Health Organization, United Nations Population Division and the World Bank)",Percent,73.0,1.0
Brunei Darussalam,Total,2000.0,"UN_Inter-agency Group for Child Mortality Estimation (UNICEF, World Health Organization, United Nations Population Division and the World Bank)",Percent,25.0,1.0
Brunei Darussalam,Total,1990.0,"UN_Inter-agency Group for Child Mortality Estimation (UNICEF, World Health Organization, United Nations Population Division and the World Bank)",Percent,41.0,1.0
Bulgaria,Total,2000.0,"UN_Inter-agency Group for Child Mortality Estimation (UNICEF, World Health Organization, United Nations Population Division and the World Bank)",Percent,42.0,1.0
Bulgaria,Total,1990.0,"UN_Inter-agency Group for Child Mortality Estimation (UNICEF, World Health Organization, United Nations Population Division and the World Bank)",Percent,45.0,1.0
Burkina Faso,Total,2000.0,"UN_Inter-agency Group for Child Mortality Estimation (UNICEF, World Health Organization, United Nations Population Division and the World Bank)",Percent,19.0,1.0
Burkina Faso,Total,1990.0,"UN_Inter-agency Group for Child Mortality Estimation (UNICEF, World Health Organization, United Nations Population Division and the World Bank)",Percent,30.0,1.0
Burundi,Total,2000.0,"UN_Inter-agency Group for Child Mortality Estimation (UNICEF, World Health Organization, United Nations Population Division and the World Bank)",Percent,15.0,1.0
Burundi,Total,1990.0,"UN_Inter-agency Group for Child Mortality Estimation (UNICEF, World Health Organization, United Nations Population Division and the World Bank)",Percent,24.0,1.0
Cambodia,Total,2000.0,"UN_Inter-agency Group for Child Mortality Estimation (UNICEF, World Health Organization, United Nations Population Division and the World Bank)",Percent,58.0,1.0
Cambodia,Total,1990.0,"UN_Inter-agency Group for Child Mortality Estimation (UNICEF, World Health Organization, United Nations Population Division and the World Bank)",Percent,64.0,1.0
Cameroon,Total,2000.0,"UN_Inter-agency Group for Child Mortality Estimation (UNICEF, World Health Organization, United Nations Population Division and the World Bank)",Percent,9.0,1.0
Cameroon,Total,1990.0,"UN_Inter-agency Group for Child Mortality Estimation (UNICEF, World Health Organization, United Nations Population Division and the World Bank)",Percent,12.0,1.0
Canada,Total,2000.0,"UN_Inter-agency Group for Child Mortality Estimation (UNICEF, World Health Organization, United Nations Population Division and the World Bank)",Percent,10.0,1.0
Canada,Total,1990.0,"UN_Inter-agency Group for Child Mortality Estimation (UNICEF, World Health Organization, United Nations Population Division and the World Bank)",Percent,33.0,1.0
Cape Verde,Total,2000.0,"UN_Inter-agency Group for Child Mortality Estimation (UNICEF, World Health Organization, United Nations Population Division and the World Bank)",Percent,45.0,1.0
Cape Verde,Total,1990.0,"UN_Inter-agency Group for Child Mortality Estimation (UNICEF, World Health Organization, United Nations Population Division and the World Bank)",Percent,63.0,1.0
CEE/CIS,Total,2000.0,"UN_Inter-agency Group for Child Mortality Estimation (UNICEF, World Health Organization, United Nations Population Division and the World Bank)",Percent,40.0,2.0
CEE/CIS,Total,1990.0,"UN_Inter-agency Group for Child Mortality Estimation (UNICEF, World Health Organization, United Nations Population Division and the World Bank)",Percent,56.0,2.0
Central African Republic,Total,2000.0,"UN_Inter-agency Group for Child Mortality Estimation (UNICEF, World Health Organization, United Nations Population Division and the World Bank)",Percent,5.0,1.0
Central African Republic,Total,1990.0,"UN_Inter-agency Group for Child Mortality Estimation (UNICEF, World Health Organization, United Nations Population Division and the World Bank)",Percent,3.0,1.0
Chad,Total,2000.0,"UN_Inter-agency Group for Child Mortality Estimation (UNICEF, World Health Organization, United Nations Population Division and the World Bank)",Percent,10.0,1.0
Chad,Total,1990.0,"UN_Inter-agency Group for Child Mortality Estimation (UNICEF, World Health Organization, United Nations Population Division and the World Bank)",Percent,19.0,1.0
Chile,Total,2000.0,"UN_Inter-agency Group for Child Mortality Estimation (UNICEF, World Health Organization, United Nations Population Division and the World Bank)",Percent,19.0,1.0
Chile,Total,1990.0,"UN_Inter-agency Group for Child Mortality Estimation (UNICEF, World Health Organization, United Nations Population Division and the World Bank)",Percent,53.0,1.0
China,Total,2000.0,"UN_Inter-agency Group for Child Mortality Estimation (UNICEF, World Health Organization, United Nations Population Division and the World Bank)",Percent,58.0,1.0
China,Total,1990.0,"UN_Inter-agency Group for Child Mortality Estimation (UNICEF, World Health Organization, United Nations Population Division and the World Bank)",Percent,70.0,1.0
Colombia,Total,2000.0,"UN_Inter-agency Group for Child Mortality Estimation (UNICEF, World Health Organization, United Nations Population Division and the World Bank)",Percent,29.0,1.0
Colombia,Total,1990.0,"UN_Inter-agency Group for Child Mortality Estimation (UNICEF, World Health Organization, United Nations Population Division and the World Bank)",Percent,48.0,1.0
Comoros,Total,2000.0,"UN_Inter-agency Group for Child Mortality Estimation (UNICEF, World Health Organization, United Nations Population Division and the World Bank)",Percent,20.0,1.0
Comoros,Total,1990.0,"UN_Inter-agency Group for Child Mortality Estimation (UNICEF, World Health Organization, United Nations Population Division and the World Bank)",Percent,35.0,1.0
Congo,Total,2000.0,"UN_Inter-agency Group for Child Mortality Estimation (UNICEF, World Health Organization, United Nations Population Division and the World Bank)",Percent,9.0,1.0
Congo,Total,1990.0,"UN_Inter-agency Group for Child Mortality Estimation (UNICEF, World Health Organization, United Nations Population Division and the World Bank)",Percent,17.0,1.0
Cook Islands,Total,2000.0,"UN_Inter-agency Group for Child Mortality Estimation (UNICEF, World Health Organization, United Nations Population Division and the World Bank)",Percent,44.0,1.0
Cook Islands,Total,1990.0,"UN_Inter-agency Group for Child Mortality Estimation (UNICEF, World Health Organization, United Nations Population Division and the World Bank)",Percent,50.0,1.0
Costa Rica,Total,2000.0,"UN_Inter-agency Group for Child Mortality Estimation (UNICEF, World Health Organization, United Nations Population Division and the World Bank)",Percent,22.0,1.0
Costa Rica,Total,1990.0,"UN_Inter-agency Group for Child Mortality Estimation (UNICEF, World Health Organization, United Nations Population Division and the World Bank)",Percent,41.0,1.0
Côte d'Ivoire,Total,2000.0,"UN_Inter-agency Group for Child Mortality Estimation (UNICEF, World Health Organization, United Nations Population Division and the World Bank)",Percent,17.0,1.0
Côte d'Ivoire,Total,1990.0,"UN_Inter-agency Group for Child Mortality Estimation (UNICEF, World Health Organization, United Nations Population Division and the World Bank)",Percent,24.0,1.0
Croatia,Total,2000.0,"UN_Inter-agency Group for Child Mortality Estimation (UNICEF, World Health Organization, United Nations Population Division and the World Bank)",Percent,39.0,1.0
Croatia,Total,1990.0,"UN_Inter-agency Group for Child Mortality Estimation (UNICEF, World Health Organization, United Nations Population Division and the World Bank)",Percent,60.0,1.0
Cuba,Total,2000.0,"UN_Inter-agency Group for Child Mortality Estimation (UNICEF, World Health Organization, United Nations Population Division and the World Bank)",Percent,32.0,1.0
Cuba,Total,1990.0,"UN_Inter-agency Group for Child Mortality Estimation (UNICEF, World Health Organization, United Nations Population Division and the World Bank)",Percent,56.0,1.0
Cyprus,Total,2000.0,"UN_Inter-agency Group for Child Mortality Estimation (UNICEF, World Health Organization, United Nations Population Division and the World Bank)",Percent,52.0,1.0
Cyprus,Total,1990.0,"UN_Inter-agency Group for Child Mortality Estimation (UNICEF, World Health Organization, United Nations Population Division and the World Bank)",Percent,72.0,1.0
Czech Republic,Total,2000.0,"UN_Inter-agency Group for Child Mortality Estimation (UNICEF, World Health Organization, United Nations Population Division and the World Bank)",Percent,42.0,1.0
Czech Republic,Total,1990.0,"UN_Inter-agency Group for Child Mortality Estimation (UNICEF, World Health Organization, United Nations Population Division and the World Bank)",Percent,73.0,1.0
Democratic People's Republic of Korea,Total,2000.0,"UN_Inter-agency Group for Child Mortality Estimation (UNICEF, World Health Organization, United Nations Population Division and the World Bank)",Percent,42.0,1.0
Democratic People's Republic of Korea,Total,1990.0,"UN_Inter-agency Group for Child Mortality Estimation (UNICEF, World Health Organization, United Nations Population Division and the World Bank)",Percent,26.0,1.0
Democratic Republic of the Congo,Total,2000.0,"UN_Inter-agency Group for Child Mortality Estimation (UNICEF, World Health Organization, United Nations Population Division and the World Bank)",Percent,8.0,1.0
Democratic Republic of the Congo,Total,1990.0,"UN_Inter-agency Group for Child Mortality Estimation (UNICEF, World Health Organization, United Nations Population Division and the World Bank)",Percent,8.0,1.0
Denmark,Total,2000.0,"UN_Inter-agency Group for Child Mortality Estimation (UNICEF, World Health Organization, United Nations Population Division and the World Bank)",Percent,34.0,1.0
Denmark,Total,1990.0,"UN_Inter-agency Group for Child Mortality Estimation (UNICEF, World Health Organization, United Nations Population Division and the World Bank)",Percent,57.0,1.0
Djibouti,Total,2000.0,"UN_Inter-agency Group for Child Mortality Estimation (UNICEF, World Health Organization, United Nations Population Division and the World Bank)",Percent,15.0,1.0
Djibouti,Total,1990.0,"UN_Inter-agency Group for Child Mortality Estimation (UNICEF, World Health Organization, United Nations Population Division and the World Bank)",Percent,26.0,1.0
Dominica,Total,2000.0,"UN_Inter-agency Group for Child Mortality Estimation (UNICEF, World Health Organization, United Nations Population Division and the World Bank)",Percent,21.0,1.0
Dominica,Total,1990.0,"UN_Inter-agency Group for Child Mortality Estimation (UNICEF, World Health Organization, United Nations Population Division and the World Bank)",Percent,32.0,1.0
Dominican Republic,Total,2000.0,"UN_Inter-agency Group for Child Mortality Estimation (UNICEF, World Health Organization, United Nations Population Division and the World Bank)",Percent,36.0,1.0
Dominican Republic,Total,1990.0,"UN_Inter-agency Group for Child Mortality Estimation (UNICEF, World Health Organization, United Nations Population Division and the World Bank)",Percent,58.0,1.0
East Asia and Pacific,Total,2000.0,"UN_Inter-agency Group for Child Mortality Estimation (UNICEF, World Health Organization, United Nations Population Division and the World Bank)",Percent,48.0,2.0
East Asia and Pacific,Total,1990.0,"UN_Inter-agency Group for Child Mortality Estimation (UNICEF, World Health Organization, United Nations Population Division and the World Bank)",Percent,63.0,2.0
Eastern and Southern Africa,Total,2000.0,"UN_Inter-agency Group for Child Mortality Estimation (UNICEF, World Health Organization, United Nations Population Division and the World Bank)",Percent,38.0,2.0
Eastern and Southern Africa,Total,1990.0,"UN_Inter-agency Group for Child Mortality Estimation (UNICEF, World Health Organization, United Nations Population Division and the World Bank)",Percent,48.0,2.0
Ecuador,Total,2000.0,"UN_Inter-agency Group for Child Mortality Estimation (UNICEF, World Health Organization, United Nations Population Division and the World Bank)",Percent,33.0,1.0
Ecuador,Total,1990.0,"UN_Inter-agency Group for Child Mortality Estimation (UNICEF, World Health Organization, United Nations Population Division and the World Bank)",Percent,56.0,1.0
Egypt,Total,2000.0,"UN_Inter-agency Group for Child Mortality Estimation (UNICEF, World Health Organization, United Nations Population Division and the World Bank)",Percent,52.0,1.0
Egypt,Total,1990.0,"UN_Inter-agency Group for Child Mortality Estimation (UNICEF, World Health Organization, United Nations Population Division and the World Bank)",Percent,75.0,1.0
El Salvador,Total,2000.0,"UN_Inter-agency Group for Child Mortality Estimation (UNICEF, World Health Organization, United Nations Population Division and the World Bank)",Percent,55.0,1.0
El Salvador,Total,1990.0,"UN_Inter-agency Group for Child Mortality Estimation (UNICEF, World Health Organization, United Nations Population Division and the World Bank)",Percent,75.0,1.0
Equatorial Guinea,Total,2000.0,"UN_Inter-agency Group for Child Mortality Estimation (UNICEF, World Health Organization, United Nations Population Division and the World Bank)",Percent,22.0,1.0
Equatorial Guinea,Total,1990.0,"UN_Inter-agency Group for Child Mortality Estimation (UNICEF, World Health Organization, United Nations Population Division and the World Bank)",Percent,38.0,1.0
Eritrea,Total,2000.0,"UN_Inter-agency Group for Child Mortality Estimation (UNICEF, World Health Organization, United Nations Population Division and the World Bank)",Percent,31.0,1.0
Eritrea,Total,1990.0,"UN_Inter-agency Group for Child Mortality Estimation (UNICEF, World Health Organization, United Nations Population Division and the World Bank)",Percent,51.0,1.0
Estonia,Total,2000.0,"UN_Inter-agency Group for Child Mortality Estimation (UNICEF, World Health Organization, United Nations Population Division and the World Bank)",Percent,66.0,1.0
Estonia,Total,1990.0,"UN_Inter-agency Group for Child Mortality Estimation (UNICEF, World Health Organization, United Nations Population Division and the World Bank)",Percent,82.0,1.0
Ethiopia,Total,2000.0,"UN_Inter-agency Group for Child Mortality Estimation (UNICEF, World Health Organization, United Nations Population Division and the World Bank)",Percent,44.0,1.0
Ethiopia,Total,1990.0,"UN_Inter-agency Group for Child Mortality Estimation (UNICEF, World Health Organization, United Nations Population Division and the World Bank)",Percent,61.0,1.0
Fiji,Total,2000.0,"UN_Inter-agency Group for Child Mortality Estimation (UNICEF, World Health Organization, United Nations Population Division and the World Bank)",Percent,26.0,1.0
Fiji,Total,1990.0,"UN_Inter-agency Group for Child Mortality Estimation (UNICEF, World Health Organization, United Nations Population Division and the World Bank)",Percent,45.0,1.0
Finland,Total,2000.0,"UN_Inter-agency Group for Child Mortality Estimation (UNICEF, World Health Organization, United Nations Population Division and the World Bank)",Percent,33.0,1.0
Finland,Total,1990.0,"UN_Inter-agency Group for Child Mortality Estimation (UNICEF, World Health Organization, United Nations Population Division and the World Bank)",Percent,57.0,1.0
France,Total,2000.0,"UN_Inter-agency Group for Child Mortality Estimation (UNICEF, World Health Organization, United Nations Population Division and the World Bank)",Percent,24.0,1.0
France,Total,1990.0,"UN_Inter-agency Group for Child Mortality Estimation (UNICEF, World Health Organization, United Nations Population Division and the World Bank)",Percent,53.0,1.0
Gabon,Total,2000.0,"UN_Inter-agency Group for Child Mortality Estimation (UNICEF, World Health Organization, United Nations Population Division and the World Bank)",Percent,20.0,1.0
Gabon,Total,1990.0,"UN_Inter-agency Group for Child Mortality Estimation (UNICEF, World Health Organization, United Nations Population Division and the World Bank)",Percent,31.0,1.0
Gambia,Total,2000.0,"UN_Inter-agency Group for Child Mortality Estimation (UNICEF, World Health Organization, United Nations Population Division and the World Bank)",Percent,23.0,1.0
Gambia,Total,1990.0,"UN_Inter-agency Group for Child Mortality Estimation (UNICEF, World Health Organization, United Nations Population Division and the World Bank)",Percent,39.0,1.0
Georgia,Total,2000.0,"UN_Inter-agency Group for Child Mortality Estimation (UNICEF, World Health Organization, United Nations Population Division and the World Bank)",Percent,37.0,1.0
Georgia,Total,1990.0,"UN_Inter-agency Group for Child Mortality Estimation (UNICEF, World Health Organization, United Nations Population Division and the World Bank)",Percent,56.0,1.0
Germany,Total,2000.0,"UN_Inter-agency Group for Child Mortality Estimation (UNICEF, World Health Organization, United Nations Population Division and the World Bank)",Percent,26.0,1.0
Germany,Total,1990.0,"UN_Inter-agency Group for Child Mortality Estimation (UNICEF, World Health Organization, United Nations Population Division and the World Bank)",Percent,53.0,1.0
Ghana,Total,2000.0,"UN_Inter-agency Group for Child Mortality Estimation (UNICEF, World Health Organization, United Nations Population Division and the World Bank)",Percent,21.0,1.0
Ghana,Total,1990.0,"UN_Inter-agency Group for Child Mortality Estimation (UNICEF, World Health Organization, United Nations Population Division and the World Bank)",Percent,36.0,1.0
Greece,Total,2000.0,"UN_Inter-agency Group for Child Mortality Estimation (UNICEF, World Health Organization, United Nations Population Division and the World Bank)",Percent,43.0,1.0
Greece,Total,1990.0,"UN_Inter-agency Group for Child Mortality Estimation (UNICEF, World Health Organization, United Nations Population Division and the World Bank)",Percent,65.0,1.0
Grenada,Total,2000.0,"UN_Inter-agency Group for Child Mortality Estimation (UNICEF, World Health Organization, United Nations Population Division and the World Bank)",Percent,18.0,1.0
Grenada,Total,1990.0,"UN_Inter-agency Group for Child Mortality Estimation (UNICEF, World Health Organization, United Nations Population Division and the World Bank)",Percent,39.0,1.0
Guatemala,Total,2000.0,"UN_Inter-agency Group for Child Mortality Estimation (UNICEF, World Health Organization, United Nations Population Division and the World Bank)",Percent,37.0,1.0
Guatemala,Total,1990.0,"UN_Inter-agency Group for Child Mortality Estimation (UNICEF, World Health Organization, United Nations Population Division and the World Bank)",Percent,61.0,1.0
Guinea,Total,2000.0,"UN_Inter-agency Group for Child Mortality Estimation (UNICEF, World Health Organization, United Nations Population Division and the World Bank)",Percent,28.0,1.0
Guinea,Total,1990.0,"UN_Inter-agency Group for Child Mortality Estimation (UNICEF, World Health Organization, United Nations Population Division and the World Bank)",Percent,45.0,1.0
Guinea-Bissau,Total,2000.0,"UN_Inter-agency Group for Child Mortality Estimation (UNICEF, World Health Organization, United Nations Population Division and the World Bank)",Percent,14.0,1.0
Guinea-Bissau,Total,1990.0,"UN_Inter-agency Group for Child Mortality Estimation (UNICEF, World Health Organization, United Nations Population Division and the World Bank)",Percent,24.0,1.0
Guyana,Total,2000.0,"UN_Inter-agency Group for Child Mortality Estimation (UNICEF, World Health Organization, United Nations Population Division and the World Bank)",Percent,27.0,1.0
Guyana,Total,1990.0,"UN_Inter-agency Group for Child Mortality Estimation (UNICEF, World Health Organization, United Nations Population Division and the World Bank)",Percent,43.0,1.0
Haiti,Total,2000.0,"UN_Inter-agency Group for Child Mortality Estimation (UNICEF, World Health Organization, United Nations Population Division and the World Bank)",Percent,31.0,1.0
Haiti,Total,1990.0,"UN_Inter-agency Group for Child Mortality Estimation (UNICEF, World Health Organization, United Nations Population Division and the World Bank)",Percent,51.0,1.0
Honduras,Total,2000.0,"UN_Inter-agency Group for Child Mortality Estimation (UNICEF, World Health Organization, United Nations Population Division and the World Bank)",Percent,39.0,1.0
Honduras,Total,1990.0,"UN_Inter-agency Group for Child Mortality Estimation (UNICEF, World Health Organization, United Nations Population Division and the World Bank)",Percent,61.0,1.0
Hungary,Total,2000.0,"UN_Inter-agency Group for Child Mortality Estimation (UNICEF, World Health Organization, United Nations Population Division and the World Bank)",Percent,43.0,1.0
Hungary,Total,1990.0,"UN_Inter-agency Group for Child Mortality Estimation (UNICEF, World Health Organization, United Nations Population Division and the World Bank)",Percent,66.0,1.0
Iceland,Total,2000.0,"UN_Inter-agency Group for Child Mortality Estimation (UNICEF, World Health Organization, United Nations Population Division and the World Bank)",Percent,36.0,1.0
Iceland,Total,1990.0,"UN_Inter-agency Group for Child Mortality Estimation (UNICEF, World Health Organization, United Nations Population Division and the World Bank)",Percent,60.0,1.0
India,Total,2000.0,"UN_Inter-agency Group for Child Mortality Estimation (UNICEF, World Health Organization, United Nations Population Division and the World Bank)",Percent,30.0,1.0
India,Total,1990.0,"UN_Inter-agency Group for Child Mortality Estimation (UNICEF, World Health Organization, United Nations Population Division and the World Bank)",Percent,46.0,1.0
Indonesia,Total,2000.0,"UN_Inter-agency Group for Child Mortality Estimation (UNICEF, World Health Organization, United Nations Population Division and the World Bank)",Percent,39.0,1.0
Indonesia,Total,1990.0,"UN_Inter-agency Group for Child Mortality Estimation (UNICEF, World Health Organization, United Nations Population Division and the World Bank)",Percent,61.0,1.0
Iran (Islamic Republic of),Total,2000.0,"UN_Inter-agency Group for Child Mortality Estimation (UNICEF, World Health Organization, United Nations Population Division and the World Bank)",Percent,43.0,1.0
Iran (Islamic Republic of),Total,1990.0,"UN_Inter-agency Group for Child Mortality Estimation (UNICEF, World Health Organization, United Nations Population Division and the World Bank)",Percent,59.0,1.0
Iraq,Total,2000.0,"UN_Inter-agency Group for Child Mortality Estimation (UNICEF, World Health Organization, United Nations Population Division and the World Bank)",Percent,11.0,1.0
Iraq,Total,1990.0,"UN_Inter-agency Group for Child Mortality Estimation (UNICEF, World Health Organization, United Nations Population Division and the World Bank)",Percent,18.0,1.0
Ireland,Total,2000.0,"UN_Inter-agency Group for Child Mortality Estimation (UNICEF, World Health Organization, United Nations Population Division and the World Bank)",Percent,43.0,1.0
Ireland,Total,1990.0,"UN_Inter-agency Group for Child Mortality Estimation (UNICEF, World Health Organization, United Nations Population Division and the World Bank)",Percent,56.0,1.0
Israel,Total,2000.0,"UN_Inter-agency Group for Child Mortality Estimation (UNICEF, World Health Organization, United Nations Population Division and the World Bank)",Percent,38.0,1.0
Israel,Total,1990.0,"UN_Inter-agency Group for Child Mortality Estimation (UNICEF, World Health Organization, United Nations Population Division and the World Bank)",Percent,63.0,1.0
Italy,Total,2000.0,"UN_Inter-agency Group for Child Mortality Estimation (UNICEF, World Health Organization, United Nations Population Division and the World Bank)",Percent,34.0,1.0
Italy,Total,1990.0,"UN_Inter-agency Group for Child Mortality Estimation (UNICEF, World Health Organization, United Nations Population Division and the World Bank)",Percent,62.0,1.0
Jamaica,Total,2000.0,"UN_Inter-agency Group for Child Mortality Estimation (UNICEF, World Health Organization, United Nations Population Division and the World Bank)",Percent,28.0,1.0
Jamaica,Total,1990.0,"UN_Inter-agency Group for Child Mortality Estimation (UNICEF, World Health Organization, United Nations Population Division and the World Bank)",Percent,47.0,1.0
Japan,Total,2000.0,"UN_Inter-agency Group for Child Mortality Estimation (UNICEF, World Health Organization, United Nations Population Division and the World Bank)",Percent,24.0,1.0
Japan,Total,1990.0,"UN_Inter-agency Group for Child Mortality Estimation (UNICEF, World Health Organization, United Nations Population Division and the World Bank)",Percent,47.0,1.0
Jordan,Total,2000.0,"UN_Inter-agency Group for Child Mortality Estimation (UNICEF, World Health Organization, United Nations Population Division and the World Bank)",Percent,26.0,1.0
Jordan,Total,1990.0,"UN_Inter-agency Group for Child Mortality Estimation (UNICEF, World Health Organization, United Nations Population Division and the World Bank)",Percent,44.0,1.0
Kazakhstan,Total,2000.0,"UN_Inter-agency Group for Child Mortality Estimation (UNICEF, World Health Organization, United Nations Population Division and the World Bank)",Percent,33.0,1.0
Kazakhstan,Total,1990.0,"UN_Inter-agency Group for Child Mortality Estimation (UNICEF, World Health Organization, United Nations Population Division and the World Bank)",Percent,50.0,1.0
Kenya,Total,2000.0,"UN_Inter-agency Group for Child Mortality Estimation (UNICEF, World Health Organization, United Nations Population Division and the World Bank)",Percent,36.0,1.0
Kenya,Total,1990.0,"UN_Inter-agency Group for Child Mortality Estimation (UNICEF, World Health Organization, United Nations Population Division and the World Bank)",Percent,26.0,1.0
Kiribati,Total,2000.0,"UN_Inter-agency Group for Child Mortality Estimation (UNICEF, World Health Organization, United Nations Population Division and the World Bank)",Percent,27.0,1.0
Kiribati,Total,1990.0,"UN_Inter-agency Group for Child Mortality Estimation (UNICEF, World Health Organization, United Nations Population Division and the World Bank)",Percent,46.0,1.0
Kuwait,Total,2000.0,"UN_Inter-agency Group for Child Mortality Estimation (UNICEF, World Health Organization, United Nations Population Division and the World Bank)",Percent,14.0,1.0
Kuwait,Total,1990.0,"UN_Inter-agency Group for Child Mortality Estimation (UNICEF, World Health Organization, United Nations Population Division and the World Bank)",Percent,36.0,1.0
Kyrgyzstan,Total,2000.0,"UN_Inter-agency Group for Child Mortality Estimation (UNICEF, World Health Organization, United Nations Population Division and the World Bank)",Percent,35.0,1.0
Kyrgyzstan,Total,1990.0,"UN_Inter-agency Group for Child Mortality Estimation (UNICEF, World Health Organization, United Nations Population Division and the World Bank)",Percent,56.0,1.0
Lao People's Democratic Republic,Total,2000.0,"UN_Inter-agency Group for Child Mortality Estimation (UNICEF, World Health Organization, United Nations Population Division and the World Bank)",Percent,48.0,1.0
Lao People's Democratic Republic,Total,1990.0,"UN_Inter-agency Group for Child Mortality Estimation (UNICEF, World Health Organization, United Nations Population Division and the World Bank)",Percent,72.0,1.0
Latin America and Caribbean,Total,2000.0,"UN_Inter-agency Group for Child Mortality Estimation (UNICEF, World Health Organization, United Nations Population Division and the World Bank)",Percent,44.0,2.0
Latin America and Caribbean,Total,1990.0,"UN_Inter-agency Group for Child Mortality Estimation (UNICEF, World Health Organization, United Nations Population Division and the World Bank)",Percent,64.0,2.0
Latvia,Total,2000.0,"UN_Inter-agency Group for Child Mortality Estimation (UNICEF, World Health Organization, United Nations Population Division and the World Bank)",Percent,52.0,1.0
Latvia,Total,1990.0,"UN_Inter-agency Group for Child Mortality Estimation (UNICEF, World Health Organization, United Nations Population Division and the World Bank)",Percent,60.0,1.0
Least Developed Countries/Territories,Total,2000.0,"UN_Inter-agency Group for Child Mortality Estimation (UNICEF, World Health Organization, United Nations Population Division and the World Bank)",Percent,28.0,2.0
Least Developed Countries/Territories,Total,1990.0,"UN_Inter-agency Group for Child Mortality Estimation (UNICEF, World Health Organization, United Nations Population Division and the World Bank)",Percent,43.0,2.0
Lebanon,Total,2000.0,"UN_Inter-agency Group for Child Mortality Estimation (UNICEF, World Health Organization, United Nations Population Division and the World Bank)",Percent,51.0,1.0
Lebanon,Total,1990.0,"UN_Inter-agency Group for Child Mortality Estimation (UNICEF, World Health Organization, United Nations Population Division and the World Bank)",Percent,72.0,1.0
Lesotho,Total,2000.0,"UN_Inter-agency Group for Child Mortality Estimation (UNICEF, World Health Organization, United Nations Population Division and the World Bank)",Percent,27.0,1.0
Lesotho,Total,1990.0,"UN_Inter-agency Group for Child Mortality Estimation (UNICEF, World Health Organization, United Nations Population Division and the World Bank)",Percent,2.0,1.0
Liberia,Total,2000.0,"UN_Inter-agency Group for Child Mortality Estimation (UNICEF, World Health Organization, United Nations Population Division and the World Bank)",Percent,52.0,1.0
Liberia,Total,1990.0,"UN_Inter-agency Group for Child Mortality Estimation (UNICEF, World Health Organization, United Nations Population Division and the World Bank)",Percent,68.0,1.0
Libya,Total,2000.0,"UN_Inter-agency Group for Child Mortality Estimation (UNICEF, World Health Organization, United Nations Population Division and the World Bank)",Percent,40.0,1.0
Libya,Total,1990.0,"UN_Inter-agency Group for Child Mortality Estimation (UNICEF, World Health Organization, United Nations Population Division and the World Bank)",Percent,63.0,1.0
Lithuania,Total,2000.0,"UN_Inter-agency Group for Child Mortality Estimation (UNICEF, World Health Organization, United Nations Population Division and the World Bank)",Percent,52.0,1.0
Lithuania,Total,1990.0,"UN_Inter-agency Group for Child Mortality Estimation (UNICEF, World Health Organization, United Nations Population Division and the World Bank)",Percent,67.0,1.0
Luxembourg,Total,2000.0,"UN_Inter-agency Group for Child Mortality Estimation (UNICEF, World Health Organization, United Nations Population Division and the World Bank)",Percent,35.0,1.0
Luxembourg,Total,1990.0,"UN_Inter-agency Group for Child Mortality Estimation (UNICEF, World Health Organization, United Nations Population Division and the World Bank)",Percent,62.0,1.0
Madagascar,Total,2000.0,"UN_Inter-agency Group for Child Mortality Estimation (UNICEF, World Health Organization, United Nations Population Division and the World Bank)",Percent,41.0,1.0
Madagascar,Total,1990.0,"UN_Inter-agency Group for Child Mortality Estimation (UNICEF, World Health Organization, United Nations Population Division and the World Bank)",Percent,62.0,1.0
Malawi,Total,2000.0,"UN_Inter-agency Group for Child Mortality Estimation (UNICEF, World Health Organization, United Nations Population Division and the World Bank)",Percent,50.0,1.0
Malawi,Total,1990.0,"UN_Inter-agency Group for Child Mortality Estimation (UNICEF, World Health Organization, United Nations Population Division and the World Bank)",Percent,64.0,1.0
Malaysia,Total,2000.0,"UN_Inter-agency Group for Child Mortality Estimation (UNICEF, World Health Organization, United Nations Population Division and the World Bank)",Percent,39.0,1.0
Malaysia,Total,1990.0,"UN_Inter-agency Group for Child Mortality Estimation (UNICEF, World Health Organization, United Nations Population Division and the World Bank)",Percent,62.0,1.0
Maldives,Total,2000.0,"UN_Inter-agency Group for Child Mortality Estimation (UNICEF, World Health Organization, United Nations Population Division and the World Bank)",Percent,80.0,1.0
Maldives,Total,1990.0,"UN_Inter-agency Group for Child Mortality Estimation (UNICEF, World Health Organization, United Nations Population Division and the World Bank)",Percent,90.0,1.0
Mali,Total,2000.0,"UN_Inter-agency Group for Child Mortality Estimation (UNICEF, World Health Organization, United Nations Population Division and the World Bank)",Percent,18.0,1.0
Mali,Total,1990.0,"UN_Inter-agency Group for Child Mortality Estimation (UNICEF, World Health Organization, United Nations Population Division and the World Bank)",Percent,32.0,1.0
Malta,Total,2000.0,"UN_Inter-agency Group for Child Mortality Estimation (UNICEF, World Health Organization, United Nations Population Division and the World Bank)",Percent,24.0,1.0
Malta,Total,1990.0,"UN_Inter-agency Group for Child Mortality Estimation (UNICEF, World Health Organization, United Nations Population Division and the World Bank)",Percent,48.0,1.0
Marshall Islands,Total,2000.0,"UN_Inter-agency Group for Child Mortality Estimation (UNICEF, World Health Organization, United Nations Population Division and the World Bank)",Percent,30.0,1.0
Marshall Islands,Total,1990.0,"UN_Inter-agency Group for Child Mortality Estimation (UNICEF, World Health Organization, United Nations Population Division and the World Bank)",Percent,50.0,1.0
Mauritania,Total,2000.0,"UN_Inter-agency Group for Child Mortality Estimation (UNICEF, World Health Organization, United Nations Population Division and the World Bank)",Percent,5.0,1.0
Mauritania,Total,1990.0,"UN_Inter-agency Group for Child Mortality Estimation (UNICEF, World Health Organization, United Nations Population Division and the World Bank)",Percent,10.0,1.0
Mauritius,Total,2000.0,"UN_Inter-agency Group for Child Mortality Estimation (UNICEF, World Health Organization, United Nations Population Division and the World Bank)",Percent,19.0,1.0
Mauritius,Total,1990.0,"UN_Inter-agency Group for Child Mortality Estimation (UNICEF, World Health Organization, United Nations Population Division and the World Bank)",Percent,37.0,1.0
Mexico,Total,2000.0,"UN_Inter-agency Group for Child Mortality Estimation (UNICEF, World Health Organization, United Nations Population Division and the World Bank)",Percent,46.0,1.0
Mexico,Total,1990.0,"UN_Inter-agency Group for Child Mortality Estimation (UNICEF, World Health Organization, United Nations Population Division and the World Bank)",Percent,68.0,1.0
Micronesia (Federated States of),Total,2000.0,"UN_Inter-agency Group for Child Mortality Estimation (UNICEF, World Health Organization, United Nations Population Division and the World Bank)",Percent,15.0,1.0
Micronesia (Federated States of),Total,1990.0,"UN_Inter-agency Group for Child Mortality Estimation (UNICEF, World Health Organization, United Nations Population Division and the World Bank)",Percent,26.0,1.0
Middle East and North Africa,Total,2000.0,"UN_Inter-agency Group for Child Mortality Estimation (UNICEF, World Health Organization, United Nations Population Division and the World Bank)",Percent,30.0,2.0
Middle East and North Africa,Total,1990.0,"UN_Inter-agency Group for Child Mortality Estimation (UNICEF, World Health Organization, United Nations Population Division and the World Bank)",Percent,50.0,2.0
Monaco,Total,2000.0,"UN_Inter-agency Group for Child Mortality Estimation (UNICEF, World Health Organization, United Nations Population Division and the World Bank)",Percent,24.0,1.0
Monaco,Total,1990.0,"UN_Inter-agency Group for Child Mortality Estimation (UNICEF, World Health Organization, United Nations Population Division and the World Bank)",Percent,50.0,1.0
Mongolia,Total,2000.0,"UN_Inter-agency Group for Child Mortality Estimation (UNICEF, World Health Organization, United Nations Population Division and the World Bank)",Percent,52.0,1.0
Mongolia,Total,1990.0,"UN_Inter-agency Group for Child Mortality Estimation (UNICEF, World Health Organization, United Nations Population Division and the World Bank)",Percent,71.0,1.0
Montenegro,Total,2000.0,"UN_Inter-agency Group for Child Mortality Estimation (UNICEF, World Health Organization, United Nations Population Division and the World Bank)",Percent,43.0,1.0
Montenegro,Total,1990.0,"UN_Inter-agency Group for Child Mortality Estimation (UNICEF, World Health Organization, United Nations Population Division and the World Bank)",Percent,59.0,1.0
Morocco,Total,2000.0,"UN_Inter-agency Group for Child Mortality Estimation (UNICEF, World Health Organization, United Nations Population Division and the World Bank)",Percent,38.0,1.0
Morocco,Total,1990.0,"UN_Inter-agency Group for Child Mortality Estimation (UNICEF, World Health Organization, United Nations Population Division and the World Bank)",Percent,60.0,1.0
Mozambique,Total,2000.0,"UN_Inter-agency Group for Child Mortality Estimation (UNICEF, World Health Organization, United Nations Population Division and the World Bank)",Percent,40.0,1.0
Mozambique,Total,1990.0,"UN_Inter-agency Group for Child Mortality Estimation (UNICEF, World Health Organization, United Nations Population Division and the World Bank)",Percent,54.0,1.0
Myanmar,Total,2000.0,"UN_Inter-agency Group for Child Mortality Estimation (UNICEF, World Health Organization, United Nations Population Division and the World Bank)",Percent,25.0,1.0
Myanmar,Total,1990.0,"UN_Inter-agency Group for Child Mortality Estimation (UNICEF, World Health Organization, United Nations Population Division and the World Bank)",Percent,42.0,1.0
Namibia,Total,2000.0,"UN_Inter-agency Group for Child Mortality Estimation (UNICEF, World Health Organization, United Nations Population Division and the World Bank)",Percent,44.0,1.0
Namibia,Total,1990.0,"UN_Inter-agency Group for Child Mortality Estimation (UNICEF, World Health Organization, United Nations Population Division and the World Bank)",Percent,43.0,1.0
Nauru,Total,2000.0,"UN_Inter-agency Group for Child Mortality Estimation (UNICEF, World Health Organization, United Nations Population Division and the World Bank)",Percent,0.0,1.0
Nauru,Total,1990.0,"UN_Inter-agency Group for Child Mortality Estimation (UNICEF, World Health Organization, United Nations Population Division and the World Bank)",Percent,0.0,1.0
Nepal,Total,2000.0,"UN_Inter-agency Group for Child Mortality Estimation (UNICEF, World Health Organization, United Nations Population Division and the World Bank)",Percent,42.0,1.0
Nepal,Total,1990.0,"UN_Inter-agency Group for Child Mortality Estimation (UNICEF, World Health Organization, United Nations Population Division and the World Bank)",Percent,64.0,1.0
Netherlands,Total,2000.0,"UN_Inter-agency Group for Child Mortality Estimation (UNICEF, World Health Organization, United Nations Population Division and the World Bank)",Percent,35.0,1.0
Netherlands,Total,1990.0,"UN_Inter-agency Group for Child Mortality Estimation (UNICEF, World Health Organization, United Nations Population Division and the World Bank)",Percent,52.0,1.0
New Zealand,Total,2000.0,"UN_Inter-agency Group for Child Mortality Estimation (UNICEF, World Health Organization, United Nations Population Division and the World Bank)",Percent,20.0,1.0
New Zealand,Total,1990.0,"UN_Inter-agency Group for Child Mortality Estimation (UNICEF, World Health Organization, United Nations Population Division and the World Bank)",Percent,47.0,1.0
Nicaragua,Total,2000.0,"UN_Inter-agency Group for Child Mortality Estimation (UNICEF, World Health Organization, United Nations Population Division and the World Bank)",Percent,39.0,1.0
Nicaragua,Total,1990.0,"UN_Inter-agency Group for Child Mortality Estimation (UNICEF, World Health Organization, United Nations Population Division and the World Bank)",Percent,61.0,1.0
Niger,Total,2000.0,"UN_Inter-agency Group for Child Mortality Estimation (UNICEF, World Health Organization, United Nations Population Division and the World Bank)",Percent,42.0,1.0
Niger,Total,1990.0,"UN_Inter-agency Group for Child Mortality Estimation (UNICEF, World Health Organization, United Nations Population Division and the World Bank)",Percent,60.0,1.0
Nigeria,Total,2000.0,"UN_Inter-agency Group for Child Mortality Estimation (UNICEF, World Health Organization, United Nations Population Division and the World Bank)",Percent,34.0,1.0
Nigeria,Total,1990.0,"UN_Inter-agency Group for Child Mortality Estimation (UNICEF, World Health Organization, United Nations Population Division and the World Bank)",Percent,42.0,1.0
Niue,Total,2000.0,"UN_Inter-agency Group for Child Mortality Estimation (UNICEF, World Health Organization, United Nations Population Division and the World Bank)",Percent,28.0,1.0
Niue,Total,1990.0,"UN_Inter-agency Group for Child Mortality Estimation (UNICEF, World Health Organization, United Nations Population Division and the World Bank)",Percent,-49.0,1.0
Norway,Total,2000.0,"UN_Inter-agency Group for Child Mortality Estimation (UNICEF, World Health Organization, United Nations Population Division and the World Bank)",Percent,37.0,1.0
Norway,Total,1990.0,"UN_Inter-agency Group for Child Mortality Estimation (UNICEF, World Health Organization, United Nations Population Division and the World Bank)",Percent,63.0,1.0
Oman,Total,2000.0,"UN_Inter-agency Group for Child Mortality Estimation (UNICEF, World Health Organization, United Nations Population Division and the World Bank)",Percent,60.0,1.0
Oman,Total,1990.0,"UN_Inter-agency Group for Child Mortality Estimation (UNICEF, World Health Organization, United Nations Population Division and the World Bank)",Percent,82.0,1.0
Pakistan,Total,2000.0,"UN_Inter-agency Group for Child Mortality Estimation (UNICEF, World Health Organization, United Nations Population Division and the World Bank)",Percent,24.0,1.0
Pakistan,Total,1990.0,"UN_Inter-agency Group for Child Mortality Estimation (UNICEF, World Health Organization, United Nations Population Division and the World Bank)",Percent,41.0,1.0
Palau,Total,2000.0,"UN_Inter-agency Group for Child Mortality Estimation (UNICEF, World Health Organization, United Nations Population Division and the World Bank)",Percent,25.0,1.0
Palau,Total,1990.0,"UN_Inter-agency Group for Child Mortality Estimation (UNICEF, World Health Organization, United Nations Population Division and the World Bank)",Percent,42.0,1.0
Panama,Total,2000.0,"UN_Inter-agency Group for Child Mortality Estimation (UNICEF, World Health Organization, United Nations Population Division and the World Bank)",Percent,24.0,1.0
Panama,Total,1990.0,"UN_Inter-agency Group for Child Mortality Estimation (UNICEF, World Health Organization, United Nations Population Division and the World Bank)",Percent,41.0,1.0
Papua New Guinea,Total,2000.0,"UN_Inter-agency Group for Child Mortality Estimation (UNICEF, World Health Organization, United Nations Population Division and the World Bank)",Percent,19.0,1.0
Papua New Guinea,Total,1990.0,"UN_Inter-agency Group for Child Mortality Estimation (UNICEF, World Health Organization, United Nations Population Division and the World Bank)",Percent,34.0,1.0
Paraguay,Total,2000.0,"UN_Inter-agency Group for Child Mortality Estimation (UNICEF, World Health Organization, United Nations Population Division and the World Bank)",Percent,37.0,1.0
Paraguay,Total,1990.0,"UN_Inter-agency Group for Child Mortality Estimation (UNICEF, World Health Organization, United Nations Population Division and the World Bank)",Percent,57.0,1.0
Peru,Total,2000.0,"UN_Inter-agency Group for Child Mortality Estimation (UNICEF, World Health Organization, United Nations Population Division and the World Bank)",Percent,53.0,1.0
Peru,Total,1990.0,"UN_Inter-agency Group for Child Mortality Estimation (UNICEF, World Health Organization, United Nations Population Division and the World Bank)",Percent,76.0,1.0
Philippines,Total,2000.0,"UN_Inter-agency Group for Child Mortality Estimation (UNICEF, World Health Organization, United Nations Population Division and the World Bank)",Percent,35.0,1.0
Philippines,Total,1990.0,"UN_Inter-agency Group for Child Mortality Estimation (UNICEF, World Health Organization, United Nations Population Division and the World Bank)",Percent,55.0,1.0
Poland,Total,2000.0,"UN_Inter-agency Group for Child Mortality Estimation (UNICEF, World Health Organization, United Nations Population Division and the World Bank)",Percent,40.0,1.0
Poland,Total,1990.0,"UN_Inter-agency Group for Child Mortality Estimation (UNICEF, World Health Organization, United Nations Population Division and the World Bank)",Percent,66.0,1.0
Portugal,Total,2000.0,"UN_Inter-agency Group for Child Mortality Estimation (UNICEF, World Health Organization, United Nations Population Division and the World Bank)",Percent,53.0,1.0
Portugal,Total,1990.0,"UN_Inter-agency Group for Child Mortality Estimation (UNICEF, World Health Organization, United Nations Population Division and the World Bank)",Percent,77.0,1.0
Qatar,Total,2000.0,"UN_Inter-agency Group for Child Mortality Estimation (UNICEF, World Health Organization, United Nations Population Division and the World Bank)",Percent,39.0,1.0
Qatar,Total,1990.0,"UN_Inter-agency Group for Child Mortality Estimation (UNICEF, World Health Organization, United Nations Population Division and the World Bank)",Percent,62.0,1.0
Republic of Korea,Total,2000.0,"UN_Inter-agency Group for Child Mortality Estimation (UNICEF, World Health Organization, United Nations Population Division and the World Bank)",Percent,16.0,1.0
Republic of Korea,Total,1990.0,"UN_Inter-agency Group for Child Mortality Estimation (UNICEF, World Health Organization, United Nations Population Division and the World Bank)",Percent,36.0,1.0
Republic of Moldova,Total,2000.0,"UN_Inter-agency Group for Child Mortality Estimation (UNICEF, World Health Organization, United Nations Population Division and the World Bank)",Percent,33.0,1.0
Republic of Moldova,Total,1990.0,"UN_Inter-agency Group for Child Mortality Estimation (UNICEF, World Health Organization, United Nations Population Division and the World Bank)",Percent,54.0,1.0
Romania,Total,2000.0,"UN_Inter-agency Group for Child Mortality Estimation (UNICEF, World Health Organization, United Nations Population Division and the World Bank)",Percent,53.0,1.0
Romania,Total,1990.0,"UN_Inter-agency Group for Child Mortality Estimation (UNICEF, World Health Organization, United Nations Population Division and the World Bank)",Percent,67.0,1.0
Russian Federation,Total,2000.0,"UN_Inter-agency Group for Child Mortality Estimation (UNICEF, World Health Organization, United Nations Population Division and the World Bank)",Percent,44.0,1.0
Russian Federation,Total,1990.0,"UN_Inter-agency Group for Child Mortality Estimation (UNICEF, World Health Organization, United Nations Population Division and the World Bank)",Percent,56.0,1.0
Rwanda,Total,2000.0,"UN_Inter-agency Group for Child Mortality Estimation (UNICEF, World Health Organization, United Nations Population Division and the World Bank)",Percent,70.0,1.0
Rwanda,Total,1990.0,"UN_Inter-agency Group for Child Mortality Estimation (UNICEF, World Health Organization, United Nations Population Division and the World Bank)",Percent,65.0,1.0
Saint Kitts and Nevis,Total,2000.0,"UN_Inter-agency Group for Child Mortality Estimation (UNICEF, World Health Organization, United Nations Population Division and the World Bank)",Percent,55.0,1.0
Saint Kitts and Nevis,Total,1990.0,"UN_Inter-agency Group for Child Mortality Estimation (UNICEF, World Health Organization, United Nations Population Division and the World Bank)",Percent,74.0,1.0
Saint Lucia,Total,2000.0,"UN_Inter-agency Group for Child Mortality Estimation (UNICEF, World Health Organization, United Nations Population Division and the World Bank)",Percent,14.0,1.0
Saint Lucia,Total,1990.0,"UN_Inter-agency Group for Child Mortality Estimation (UNICEF, World Health Organization, United Nations Population Division and the World Bank)",Percent,31.0,1.0
Saint Vincent and the Grenadines,Total,2000.0,"UN_Inter-agency Group for Child Mortality Estimation (UNICEF, World Health Organization, United Nations Population Division and the World Bank)",Percent,5.0,1.0
Saint Vincent and the Grenadines,Total,1990.0,"UN_Inter-agency Group for Child Mortality Estimation (UNICEF, World Health Organization, United Nations Population Division and the World Bank)",Percent,21.0,1.0
Samoa,Total,2000.0,"UN_Inter-agency Group for Child Mortality Estimation (UNICEF, World Health Organization, United Nations Population Division and the World Bank)",Percent,18.0,1.0
Samoa,Total,1990.0,"UN_Inter-agency Group for Child Mortality Estimation (UNICEF, World Health Organization, United Nations Population Division and the World Bank)",Percent,37.0,1.0
San Marino,Total,2000.0,"UN_Inter-agency Group for Child Mortality Estimation (UNICEF, World Health Organization, United Nations Population Division and the World Bank)",Percent,66.0,1.0
San Marino,Total,1990.0,"UN_Inter-agency Group for Child Mortality Estimation (UNICEF, World Health Organization, United Nations Population Division and the World Bank)",Percent,85.0,1.0
Sao Tome and Principe,Total,2000.0,"UN_Inter-agency Group for Child Mortality Estimation (UNICEF, World Health Organization, United Nations Population Division and the World Bank)",Percent,4.0,1.0
Sao Tome and Principe,Total,1990.0,"UN_Inter-agency Group for Child Mortality Estimation (UNICEF, World Health Organization, United Nations Population Division and the World Bank)",Percent,8.0,1.0
Saudi Arabia,Total,2000.0,"UN_Inter-agency Group for Child Mortality Estimation (UNICEF, World Health Organization, United Nations Population Division and the World Bank)",Percent,55.0,1.0
Saudi Arabia,Total,1990.0,"UN_Inter-agency Group for Child Mortality Estimation (UNICEF, World Health Organization, United Nations Population Division and the World Bank)",Percent,78.0,1.0
Senegal,Total,2000.0,"UN_Inter-agency Group for Child Mortality Estimation (UNICEF, World Health Organization, United Nations Population Division and the World Bank)",Percent,50.0,1.0
Senegal,Total,1990.0,"UN_Inter-agency Group for Child Mortality Estimation (UNICEF, World Health Organization, United Nations Population Division and the World Bank)",Percent,52.0,1.0
Serbia,Total,2000.0,"UN_Inter-agency Group for Child Mortality Estimation (UNICEF, World Health Organization, United Nations Population Division and the World Bank)",Percent,44.0,1.0
Serbia,Total,1990.0,"UN_Inter-agency Group for Child Mortality Estimation (UNICEF, World Health Organization, United Nations Population Division and the World Bank)",Percent,75.0,1.0
Seychelles,Total,2000.0,"UN_Inter-agency Group for Child Mortality Estimation (UNICEF, World Health Organization, United Nations Population Division and the World Bank)",Percent,0.0,1.0
Seychelles,Total,1990.0,"UN_Inter-agency Group for Child Mortality Estimation (UNICEF, World Health Organization, United Nations Population Division and the World Bank)",Percent,17.0,1.0
Sierra Leone,Total,2000.0,"UN_Inter-agency Group for Child Mortality Estimation (UNICEF, World Health Organization, United Nations Population Division and the World Bank)",Percent,23.0,1.0
Sierra Leone,Total,1990.0,"UN_Inter-agency Group for Child Mortality Estimation (UNICEF, World Health Organization, United Nations Population Division and the World Bank)",Percent,31.0,1.0
Singapore,Total,2000.0,"UN_Inter-agency Group for Child Mortality Estimation (UNICEF, World Health Organization, United Nations Population Division and the World Bank)",Percent,33.0,1.0
Singapore,Total,1990.0,"UN_Inter-agency Group for Child Mortality Estimation (UNICEF, World Health Organization, United Nations Population Division and the World Bank)",Percent,65.0,1.0
Slovakia,Total,2000.0,"UN_Inter-agency Group for Child Mortality Estimation (UNICEF, World Health Organization, United Nations Population Division and the World Bank)",Percent,34.0,1.0
Slovakia,Total,1990.0,"UN_Inter-agency Group for Child Mortality Estimation (UNICEF, World Health Organization, United Nations Population Division and the World Bank)",Percent,56.0,1.0
Slovenia,Total,2000.0,"UN_Inter-agency Group for Child Mortality Estimation (UNICEF, World Health Organization, United Nations Population Division and the World Bank)",Percent,48.0,1.0
Slovenia,Total,1990.0,"UN_Inter-agency Group for Child Mortality Estimation (UNICEF, World Health Organization, United Nations Population Division and the World Bank)",Percent,73.0,1.0
Solomon Islands,Total,2000.0,"UN_Inter-agency Group for Child Mortality Estimation (UNICEF, World Health Organization, United Nations Population Division and the World Bank)",Percent,29.0,1.0
Solomon Islands,Total,1990.0,"UN_Inter-agency Group for Child Mortality Estimation (UNICEF, World Health Organization, United Nations Population Division and the World Bank)",Percent,48.0,1.0
Somalia,Total,2000.0,"UN_Inter-agency Group for Child Mortality Estimation (UNICEF, World Health Organization, United Nations Population Division and the World Bank)",Percent,0.0,1.0
Somalia,Total,1990.0,"UN_Inter-agency Group for Child Mortality Estimation (UNICEF, World Health Organization, United Nations Population Division and the World Bank)",Percent,0.0,1.0
South Africa,Total,2000.0,"UN_Inter-agency Group for Child Mortality Estimation (UNICEF, World Health Organization, United Nations Population Division and the World Bank)",Percent,37.0,1.0
South Africa,Total,1990.0,"UN_Inter-agency Group for Child Mortality Estimation (UNICEF, World Health Organization, United Nations Population Division and the World Bank)",Percent,25.0,1.0
South Asia,Total,2000.0,"UN_Inter-agency Group for Child Mortality Estimation (UNICEF, World Health Organization, United Nations Population Division and the World Bank)",Percent,30.0,2.0
South Asia,Total,1990.0,"UN_Inter-agency Group for Child Mortality Estimation (UNICEF, World Health Organization, United Nations Population Division and the World Bank)",Percent,48.0,2.0
South Sudan,Total,2000.0,"UN_Inter-agency Group for Child Mortality Estimation (UNICEF, World Health Organization, United Nations Population Division and the World Bank)",Percent,27.0,3.0
South Sudan,Total,1990.0,"UN_Inter-agency Group for Child Mortality Estimation (UNICEF, World Health Organization, United Nations Population Division and the World Bank)",Percent,45.0,3.0
Spain,Total,2000.0,"UN_Inter-agency Group for Child Mortality Estimation (UNICEF, World Health Organization, United Nations Population Division and the World Bank)",Percent,36.0,1.0
Spain,Total,1990.0,"UN_Inter-agency Group for Child Mortality Estimation (UNICEF, World Health Organization, United Nations Population Division and the World Bank)",Percent,61.0,1.0
Sri Lanka,Total,2000.0,"UN_Inter-agency Group for Child Mortality Estimation (UNICEF, World Health Organization, United Nations Population Division and the World Bank)",Percent,36.0,1.0
Sri Lanka,Total,1990.0,"UN_Inter-agency Group for Child Mortality Estimation (UNICEF, World Health Organization, United Nations Population Division and the World Bank)",Percent,58.0,1.0
State of Palestine,Total,2000.0,"UN_Inter-agency Group for Child Mortality Estimation (UNICEF, World Health Organization, United Nations Population Division and the World Bank)",Percent,27.0,1.0
State of Palestine,Total,1990.0,"UN_Inter-agency Group for Child Mortality Estimation (UNICEF, World Health Organization, United Nations Population Division and the World Bank)",Percent,49.0,1.0
Sub-Saharan Africa,Total,2000.0,"UN_Inter-agency Group for Child Mortality Estimation (UNICEF, World Health Organization, United Nations Population Division and the World Bank)",Percent,29.0,2.0
Sub-Saharan Africa,Total,1990.0,"UN_Inter-agency Group for Child Mortality Estimation (UNICEF, World Health Organization, United Nations Population Division and the World Bank)",Percent,39.0,2.0
Sudan,Total,2000.0,"UN_Inter-agency Group for Child Mortality Estimation (UNICEF, World Health Organization, United Nations Population Division and the World Bank)",Percent,17.0,3.0
Sudan,Total,1990.0,"UN_Inter-agency Group for Child Mortality Estimation (UNICEF, World Health Organization, United Nations Population Division and the World Bank)",Percent,30.0,3.0
Suriname,Total,2000.0,"UN_Inter-agency Group for Child Mortality Estimation (UNICEF, World Health Organization, United Nations Population Division and the World Bank)",Percent,26.0,1.0
Suriname,Total,1990.0,"UN_Inter-agency Group for Child Mortality Estimation (UNICEF, World Health Organization, United Nations Population Division and the World Bank)",Percent,43.0,1.0
Swaziland,Total,2000.0,"UN_Inter-agency Group for Child Mortality Estimation (UNICEF, World Health Organization, United Nations Population Division and the World Bank)",Percent,9.0,1.0
Swaziland,Total,1990.0,"UN_Inter-agency Group for Child Mortality Estimation (UNICEF, World Health Organization, United Nations Population Division and the World Bank)",Percent,-24.0,1.0
Sweden,Total,2000.0,"UN_Inter-agency Group for Child Mortality Estimation (UNICEF, World Health Organization, United Nations Population Division and the World Bank)",Percent,32.0,1.0
Sweden,Total,1990.0,"UN_Inter-agency Group for Child Mortality Estimation (UNICEF, World Health Organization, United Nations Population Division and the World Bank)",Percent,58.0,1.0
Switzerland,Total,2000.0,"UN_Inter-agency Group for Child Mortality Estimation (UNICEF, World Health Organization, United Nations Population Division and the World Bank)",Percent,23.0,1.0
Switzerland,Total,1990.0,"UN_Inter-agency Group for Child Mortality Estimation (UNICEF, World Health Organization, United Nations Population Division and the World Bank)",Percent,46.0,1.0
Syrian Arab Republic,Total,2000.0,"UN_Inter-agency Group for Child Mortality Estimation (UNICEF, World Health Organization, United Nations Population Division and the World Bank)",Percent,33.0,1.0
Syrian Arab Republic,Total,1990.0,"UN_Inter-agency Group for Child Mortality Estimation (UNICEF, World Health Organization, United Nations Population Division and the World Bank)",Percent,58.0,1.0
Tajikistan,Total,2000.0,"UN_Inter-agency Group for Child Mortality Estimation (UNICEF, World Health Organization, United Nations Population Division and the World Bank)",Percent,33.0,1.0
Tajikistan,Total,1990.0,"UN_Inter-agency Group for Child Mortality Estimation (UNICEF, World Health Organization, United Nations Population Division and the World Bank)",Percent,45.0,1.0
Thailand,Total,2000.0,"UN_Inter-agency Group for Child Mortality Estimation (UNICEF, World Health Organization, United Nations Population Division and the World Bank)",Percent,34.0,1.0
Thailand,Total,1990.0,"UN_Inter-agency Group for Child Mortality Estimation (UNICEF, World Health Organization, United Nations Population Division and the World Bank)",Percent,65.0,1.0
The former Yugoslav Republic of Macedonia,Total,2000.0,"UN_Inter-agency Group for Child Mortality Estimation (UNICEF, World Health Organization, United Nations Population Division and the World Bank)",Percent,41.0,1.0
The former Yugoslav Republic of Macedonia,Total,1990.0,"UN_Inter-agency Group for Child Mortality Estimation (UNICEF, World Health Organization, United Nations Population Division and the World Bank)",Percent,74.0,1.0
Timor-Leste,Total,2000.0,"UN_Inter-agency Group for Child Mortality Estimation (UNICEF, World Health Organization, United Nations Population Division and the World Bank)",Percent,51.0,1.0
Timor-Leste,Total,1990.0,"UN_Inter-agency Group for Child Mortality Estimation (UNICEF, World Health Organization, United Nations Population Division and the World Bank)",Percent,70.0,1.0
Togo,Total,2000.0,"UN_Inter-agency Group for Child Mortality Estimation (UNICEF, World Health Organization, United Nations Population Division and the World Bank)",Percent,14.0,1.0
Togo,Total,1990.0,"UN_Inter-agency Group for Child Mortality Estimation (UNICEF, World Health Organization, United Nations Population Division and the World Bank)",Percent,25.0,1.0
Tonga,Total,2000.0,"UN_Inter-agency Group for Child Mortality Estimation (UNICEF, World Health Organization, United Nations Population Division and the World Bank)",Percent,21.0,1.0
Tonga,Total,1990.0,"UN_Inter-agency Group for Child Mortality Estimation (UNICEF, World Health Organization, United Nations Population Division and the World Bank)",Percent,37.0,1.0
Trinidad and Tobago,Total,2000.0,"UN_Inter-agency Group for Child Mortality Estimation (UNICEF, World Health Organization, United Nations Population Division and the World Bank)",Percent,14.0,1.0
Trinidad and Tobago,Total,1990.0,"UN_Inter-agency Group for Child Mortality Estimation (UNICEF, World Health Organization, United Nations Population Division and the World Bank)",Percent,25.0,1.0
Tunisia,Total,2000.0,"UN_Inter-agency Group for Child Mortality Estimation (UNICEF, World Health Organization, United Nations Population Division and the World Bank)",Percent,45.0,1.0
Tunisia,Total,1990.0,"UN_Inter-agency Group for Child Mortality Estimation (UNICEF, World Health Organization, United Nations Population Division and the World Bank)",Percent,68.0,1.0
Turkey,Total,2000.0,"UN_Inter-agency Group for Child Mortality Estimation (UNICEF, World Health Organization, United Nations Population Division and the World Bank)",Percent,57.0,1.0
Turkey,Total,1990.0,"UN_Inter-agency Group for Child Mortality Estimation (UNICEF, World Health Organization, United Nations Population Division and the World Bank)",Percent,79.0,1.0
Turkmenistan,Total,2000.0,"UN_Inter-agency Group for Child Mortality Estimation (UNICEF, World Health Organization, United Nations Population Division and the World Bank)",Percent,26.0,1.0
Turkmenistan,Total,1990.0,"UN_Inter-agency Group for Child Mortality Estimation (UNICEF, World Health Organization, United Nations Population Division and the World Bank)",Percent,44.0,1.0
Tuvalu,Total,2000.0,"UN_Inter-agency Group for Child Mortality Estimation (UNICEF, World Health Organization, United Nations Population Division and the World Bank)",Percent,30.0,1.0
Tuvalu,Total,1990.0,"UN_Inter-agency Group for Child Mortality Estimation (UNICEF, World Health Organization, United Nations Population Division and the World Bank)",Percent,48.0,1.0
Uganda,Total,2000.0,"UN_Inter-agency Group for Child Mortality Estimation (UNICEF, World Health Organization, United Nations Population Division and the World Bank)",Percent,36.0,1.0
Uganda,Total,1990.0,"UN_Inter-agency Group for Child Mortality Estimation (UNICEF, World Health Organization, United Nations Population Division and the World Bank)",Percent,49.0,1.0
Ukraine,Total,2000.0,"UN_Inter-agency Group for Child Mortality Estimation (UNICEF, World Health Organization, United Nations Population Division and the World Bank)",Percent,46.0,1.0
Ukraine,Total,1990.0,"UN_Inter-agency Group for Child Mortality Estimation (UNICEF, World Health Organization, United Nations Population Division and the World Bank)",Percent,48.0,1.0
United Arab Emirates,Total,2000.0,"UN_Inter-agency Group for Child Mortality Estimation (UNICEF, World Health Organization, United Nations Population Division and the World Bank)",Percent,46.0,1.0
United Arab Emirates,Total,1990.0,"UN_Inter-agency Group for Child Mortality Estimation (UNICEF, World Health Organization, United Nations Population Division and the World Bank)",Percent,70.0,1.0
United Kingdom,Total,2000.0,"UN_Inter-agency Group for Child Mortality Estimation (UNICEF, World Health Organization, United Nations Population Division and the World Bank)",Percent,23.0,1.0
United Kingdom,Total,1990.0,"UN_Inter-agency Group for Child Mortality Estimation (UNICEF, World Health Organization, United Nations Population Division and the World Bank)",Percent,45.0,1.0
United Republic of Tanzania,Total,2000.0,"UN_Inter-agency Group for Child Mortality Estimation (UNICEF, World Health Organization, United Nations Population Division and the World Bank)",Percent,47.0,1.0
United Republic of Tanzania,Total,1990.0,"UN_Inter-agency Group for Child Mortality Estimation (UNICEF, World Health Organization, United Nations Population Division and the World Bank)",Percent,57.0,1.0
United States,Total,2000.0,"UN_Inter-agency Group for Child Mortality Estimation (UNICEF, World Health Organization, United Nations Population Division and the World Bank)",Percent,12.0,1.0
United States,Total,1990.0,"UN_Inter-agency Group for Child Mortality Estimation (UNICEF, World Health Organization, United Nations Population Division and the World Bank)",Percent,34.0,1.0
Uruguay,Total,2000.0,"UN_Inter-agency Group for Child Mortality Estimation (UNICEF, World Health Organization, United Nations Population Division and the World Bank)",Percent,40.0,1.0
Uruguay,Total,1990.0,"UN_Inter-agency Group for Child Mortality Estimation (UNICEF, World Health Organization, United Nations Population Division and the World Bank)",Percent,55.0,1.0
Uzbekistan,Total,2000.0,"UN_Inter-agency Group for Child Mortality Estimation (UNICEF, World Health Organization, United Nations Population Division and the World Bank)",Percent,20.0,1.0
Uzbekistan,Total,1990.0,"UN_Inter-agency Group for Child Mortality Estimation (UNICEF, World Health Organization, United Nations Population Division and the World Bank)",Percent,35.0,1.0
Vanuatu,Total,2000.0,"UN_Inter-agency Group for Child Mortality Estimation (UNICEF, World Health Organization, United Nations Population Division and the World Bank)",Percent,43.0,1.0
Vanuatu,Total,1990.0,"UN_Inter-agency Group for Child Mortality Estimation (UNICEF, World Health Organization, United Nations Population Division and the World Bank)",Percent,66.0,1.0
Venezuela (Bolivarian Republic of),Total,2000.0,"UN_Inter-agency Group for Child Mortality Estimation (UNICEF, World Health Organization, United Nations Population Division and the World Bank)",Percent,33.0,1.0
Venezuela (Bolivarian Republic of),Total,1990.0,"UN_Inter-agency Group for Child Mortality Estimation (UNICEF, World Health Organization, United Nations Population Division and the World Bank)",Percent,51.0,1.0
Viet Nam,Total,2000.0,"UN_Inter-agency Group for Child Mortality Estimation (UNICEF, World Health Organization, United Nations Population Division and the World Bank)",Percent,36.0,1.0
Viet Nam,Total,1990.0,"UN_Inter-agency Group for Child Mortality Estimation (UNICEF, World Health Organization, United Nations Population Division and the World Bank)",Percent,57.0,1.0
Western and Central Africa,Total,2000.0,"UN_Inter-agency Group for Child Mortality Estimation (UNICEF, World Health Organization, United Nations Population Division and the World Bank)",Percent,24.0,2.0
Western and Central Africa,Total,1990.0,"UN_Inter-agency Group for Child Mortality Estimation (UNICEF, World Health Organization, United Nations Population Division and the World Bank)",Percent,33.0,2.0
World,Total,2000.0,"UN_Inter-agency Group for Child Mortality Estimation (UNICEF, World Health Organization, United Nations Population Division and the World Bank)",Percent,29.0,2.0
World,Total,1990.0,"UN_Inter-agency Group for Child Mortality Estimation (UNICEF, World Health Organization, United Nations Population Division and the World Bank)",Percent,41.0,2.0
Yemen,Total,2000.0,"UN_Inter-agency Group for Child Mortality Estimation (UNICEF, World Health Organization, United Nations Population Division and the World Bank)",Percent,23.0,1.0
Yemen,Total,1990.0,"UN_Inter-agency Group for Child Mortality Estimation (UNICEF, World Health Organization, United Nations Population Division and the World Bank)",Percent,39.0,1.0
Zambia,Total,2000.0,"UN_Inter-agency Group for Child Mortality Estimation (UNICEF, World Health Organization, United Nations Population Division and the World Bank)",Percent,46.0,1.0
Zambia,Total,1990.0,"UN_Inter-agency Group for Child Mortality Estimation (UNICEF, World Health Organization, United Nations Population Division and the World Bank)",Percent,57.0,1.0
Zimbabwe,Total,2000.0,"UN_Inter-agency Group for Child Mortality Estimation (UNICEF, World Health Organization, United Nations Population Division and the World Bank)",Percent,37.0,1.0
Zimbabwe,Total,1990.0,"UN_Inter-agency Group for Child Mortality Estimation (UNICEF, World Health Organization, United Nations Population Division and the World Bank)",Percent,15.0,1.0
fnSeqID,Footnote,,,,,
1,A negative value indicates an increase in the under-five mortality rate.,,,,,
2,"A negative value indicates an increase in the under-five mortality rate. For a complete list of countries and territories in the regions, subregions and country categories, see page XX.",,,,,
3,"A negative value indicates an increase in the under-five mortality rate. Due to the cession in July 2011 of the Republic of South Sudan by the Republic of the Sudan, and its subsequent admission to the UN on 14 July 2011, disaggregated data for Sudan and South Sudan as separate States are not yet available for all indicators. In these cases, aggregated data are presented for Sudan pre-cession (see Memorandum item).",,,,,
